timestamp_ms,value,lead_ok,ax100,ay100,az100,motion_flag
1589619,576,1,0,0,0,0
1589627,561,1,0,0,0,0
1589635,555,1,0,0,0,0
1589643,557,1,0,0,0,0
1589651,553,1,0,0,0,0
1589659,553,1,0,0,0,0
1589667,541,1,0,0,0,0
1589675,545,1,0,0,0,0
1589683,552,1,0,0,0,0
1589691,532,1,0,0,0,0
1589699,488,1,0,0,0,0
1589707,381,1,0,0,0,0
1589715,376,1,0,0,0,0
1589723,591,1,0,0,0,0
1589731,932,1,0,0,0,0
1589739,785,1,0,0,0,0
1589747,609,1,0,0,0,0
1589755,720,1,0,0,0,0
1589763,690,1,0,0,0,0
1589771,568,1,0,0,0,0
1589779,523,1,0,0,0,0
1589787,509,1,0,0,0,0
1589795,507,1,0,0,0,0
1589803,497,1,0,0,0,0
1589811,498,1,0,0,0,0
1589819,508,1,0,0,0,0
1589827,506,1,0,0,0,0
1589835,504,1,0,0,0,0
1589843,508,1,0,0,0,0
1589851,505,1,0,0,0,0
1589859,511,1,0,0,0,0
1589867,506,1,0,0,0,0
1589875,506,1,0,0,0,0
1589883,516,1,0,0,0,0
1589891,514,1,0,0,0,0
1589899,525,1,0,0,0,0
1589907,523,1,0,0,0,0
1589915,526,1,0,0,0,0
1589923,533,1,0,0,0,0
1589931,536,1,0,0,0,0
1589939,555,1,0,0,0,0
1589947,557,1,0,0,0,0
1589955,567,1,0,0,0,0
1589963,580,1,0,0,0,0
1589971,580,1,0,0,0,0
1589979,590,1,0,0,0,0
1589987,596,1,0,0,0,0
1589995,595,1,0,0,0,0
1590003,582,1,0,0,0,0
1590011,568,1,0,0,0,0
1590019,569,1,0,0,0,0
1590027,548,1,0,0,0,0
1590035,543,1,0,0,0,0
1590043,533,1,0,0,0,0
1590051,529,1,0,0,0,0
1590059,534,1,0,0,0,0
1590067,524,1,0,0,0,0
1590075,524,1,0,0,0,0
1590083,525,1,0,0,0,0
1590091,526,1,0,0,0,0
1590099,529,1,0,0,0,0
1590107,521,1,0,0,0,0
1590115,522,1,0,0,0,0
1590123,522,1,0,0,0,0
1590131,518,1,0,0,0,0
1590139,522,1,0,0,0,0
1590147,522,1,0,0,0,0
1590155,525,1,0,0,0,0
1590163,528,1,0,0,0,0
1590171,528,1,0,0,0,0
1590179,525,1,0,0,0,0
1590187,525,1,0,0,0,0
1590195,526,1,0,0,0,0
1590203,530,1,0,0,0,0
1590211,530,1,0,0,0,0
1590219,535,1,0,0,0,0
1590227,536,1,0,0,0,0
1590235,538,1,0,0,0,0
1590243,540,1,0,0,0,0
1590251,532,1,0,0,0,0
1590259,543,1,0,0,0,0
1590267,540,1,0,0,0,0
1590275,549,1,0,0,0,0
1590283,546,1,0,0,0,0
1590291,542,1,0,0,0,0
1590299,553,1,0,0,0,0
1590307,553,1,0,0,0,0
1590315,546,1,0,0,0,0
1590323,543,1,0,0,0,0
1590331,547,1,0,0,0,0
1590339,553,1,0,0,0,0
1590347,553,1,0,0,0,0
1590355,549,1,0,0,0,0
1590363,553,1,0,0,0,0
1590371,553,1,0,0,0,0
1590379,555,1,0,0,0,0
1590387,549,1,0,0,0,0
1590395,546,1,0,0,0,0
1590403,553,1,0,0,0,0
1590411,555,1,0,0,0,0
1590419,560,1,0,0,0,0
1590427,550,1,0,0,0,0
1590435,552,1,0,0,0,0
1590443,553,1,0,0,0,0
1590451,553,1,0,0,0,0
1590459,556,1,0,0,0,0
1590467,552,1,0,0,0,0
1590475,546,1,0,0,0,0
1590483,552,1,0,0,0,0
1590491,561,1,0,0,0,0
1590499,566,1,0,0,0,0
1590507,557,1,0,0,0,0
1590515,557,1,0,0,0,0
1590523,570,1,0,0,0,0
1590531,582,1,0,0,0,0
1590539,582,1,0,0,0,0
1590547,572,1,0,0,0,0
1590555,571,1,0,0,0,0
1590563,560,1,0,0,0,0
1590571,549,1,0,0,0,0
1590579,559,1,0,0,0,0
1590587,554,1,0,0,0,0
1590595,545,1,0,0,0,0
1590603,550,1,0,0,0,0
1590611,546,1,0,0,0,0
1590619,537,1,0,0,0,0
1590627,484,1,0,0,0,0
1590635,386,1,0,0,0,0
1590643,370,1,0,0,0,0
1590651,566,1,0,0,0,0
1590659,914,1,0,0,0,0
1590667,785,1,0,0,0,0
1590675,627,1,0,0,0,0
1590683,747,1,0,0,0,0
1590691,696,1,0,0,0,0
1590699,568,1,0,0,0,0
1590708,518,1,0,0,0,0
1590716,508,1,0,0,0,0
1590724,511,1,0,0,0,0
1590732,502,1,0,0,0,0
1590740,502,1,0,0,0,0
1590748,506,1,0,0,0,0
1590756,506,1,0,0,0,0
1590764,513,1,0,0,0,0
1590772,505,1,0,0,0,0
1590780,505,1,0,0,0,0
1590788,511,1,0,0,0,0
1590796,513,1,0,0,0,0
1590804,514,1,0,0,0,0
1590812,513,1,0,0,0,0
1590820,518,1,0,0,0,0
1590828,528,1,0,0,0,0
1590836,526,1,0,0,0,0
1590844,530,1,0,0,0,0
1590852,526,1,0,0,0,0
1590860,543,1,0,0,0,0
1590868,550,1,0,0,0,0
1590876,560,1,0,0,0,0
1590884,572,1,0,0,0,0
1590892,576,1,0,0,0,0
1590900,579,1,0,0,0,0
1590908,582,1,0,0,0,0
1590916,589,1,0,0,0,0
1590924,589,1,0,0,0,0
1590932,580,1,0,0,0,0
1590940,577,1,0,0,0,0
1590948,564,1,0,0,0,0
1590956,547,1,0,0,0,0
1590964,546,1,0,0,0,0
1590972,537,1,0,0,0,0
1590980,533,1,0,0,0,0
1590988,525,1,0,0,0,0
1590996,525,1,0,0,0,0
1591004,522,1,0,0,0,0
1591012,517,1,0,0,0,0
1591020,524,1,0,0,0,0
1591028,523,1,0,0,0,0
1591036,520,1,0,0,0,0
1591044,524,1,0,0,0,0
1591052,522,1,0,0,0,0
1591060,529,1,0,0,0,0
1591068,530,1,0,0,0,0
1591076,522,1,0,0,0,0
1591084,524,1,0,0,0,0
1591092,522,1,0,0,0,0
1591100,521,1,0,0,0,0
1591108,523,1,0,0,0,0
1591116,526,1,0,0,0,0
1591124,526,1,0,0,0,0
1591892,543,1,0,0,0,0
1591900,535,1,0,0,0,0
1591908,52,1,0,0,0,0
1591892,543,1,0,0,0,0
1591900,535,1,0,0,0,0
1591908,52,1,0,0,0,0
1591892,543,1,0,0,0,0
1591900,535,1,0,0,0,0
1591908,52,1,0,0,0,0
1591892,543,1,0,0,0,0
1591900,535,1,0,0,0,0
1591908,532,1,0,0,0,0
1591916,532,1,0,0,0,0
1591916,532,1,0,0,0,0
1591916,532,1,0,0,0,0
1591916,532,1,0,0,0,0
1591916,532,1,0,0,0,0
1591916,532,1,0,0,0,0
1591916,532,1,0,0,0,0
1591916,532,1,0,0,0,0
1591916,532,1,0,0,0,0
1591916,532,1,0,0,0,0
1591916,532,1,0,0,0,0
1591916,532,1,0,0,0,0
1591916,532,1,0,0,0,0
1591916,532,1,0,0,0,0
1591916,532,1,0,0,0,0
1591916,532,1,0,0,0,0
1591916,532,1,0,0,0,0
1591916,532,1,0,0,0,0
1591916,532,1,0,0,0,0
1591916,532,1,0,0,0,0
1591916,532,1,0,0,0,0
1591916,532,1,0,0,0,0
1591916,532,1,0,0,0,0
1591916,532,1,0,0,0,0
1591916,532,1,0,0,0,0
1591916,532,1,0,0,0,0
1591916,532,1,0,0,0,0
1591916,532,1,0,0,0,0
1591916,532,1,0,0,0,0
1591916,532,1,0,0,0,0
1591916,532,1,0,0,0,0
1591924,534,1,0,0,0,0
1591924,534,1,0,0,0,0
1591924,534,1,0,0,0,0
1591924,534,1,0,0,0,0
1591924,534,1,0,0,0,0
1591924,534,1,0,0,0,0
1591924,534,1,0,0,0,0
1591924,534,1,0,0,0,0
1591924,534,1,0,0,0,0
1591924,534,1,0,0,0,0
1591924,534,1,0,0,0,0
1591924,534,1,0,0,0,0
1591924,534,1,0,0,0,0
1591924,534,1,0,0,0,0
1591924,534,1,0,0,0,0
1591924,534,1,0,0,0,0
1591924,534,1,0,0,0,0
1591924,534,1,0,0,0,0
1591924,534,1,0,0,0,0
1591924,534,1,0,0,0,0
1591924,534,1,0,0,0,0
1591924,534,1,0,0,0,0
1591924,534,1,0,0,0,0
1591924,534,1,0,0,0,0
1591924,534,1,0,0,0,0
1591924,534,1,0,0,0,0
1591924,534,1,0,0,0,0
1591924,534,1,0,0,0,0
1591924,534,1,0,0,0,0
1591924,534,1,0,0,0,0
1591924,534,1,0,0,0,0
1591924,534,1,0,0,0,0
1591924,534,1,0,0,0,0
1591924,534,1,0,0,0,0
1591924,534,1,0,0,0,0
1591924,534,1,0,0,0,0
1591924,534,1,0,0,0,0
1591924,534,1,0,0,0,0
1591924,534,1,0,0,0,0
1591924,534,1,0,0,0,0
1591924,534,1,0,0,0,0
1591924,534,1,0,0,0,0
1591924,534,1,0,0,0,0
1591924,534,1,0,0,0,0
1591924,534,1,0,0,0,0
1591924,534,1,0,0,0,0
1591924,534,1,0,0,0,0
1591924,534,1,0,0,0,0
1591924,534,1,0,0,0,0
1591924,534,1,0,0,0,0
1591924,534,1,0,0,0,0
1591924,534,1,0,0,0,0
1591924,534,1,0,0,0,0
1591924,534,1,0,0,0,0
1591924,534,1,0,0,0,0
1591924,534,1,0,0,0,0
1591924,534,1,0,0,0,0
1591924,534,1,0,0,0,0
1591924,534,1,0,0,0,0
1591924,534,1,0,0,0,0
1591924,534,1,0,0,0,0
1591924,534,1,0,0,0,0
1591924,534,1,0,0,0,0
1591924,534,1,0,0,0,0
1591932,522,1,0,0,0,0
1591940,531,1,0,0,0,0
1591948,524,1,0,0,0,0
1591956,525,1,0,0,0,0
1591964,528,1,0,0,0,0
1591972,522,1,0,0,0,0
1591980,526,1,0,0,0,0
1591988,524,1,0,0,0,0
1591996,521,1,0,0,0,0
1592004,528,1,0,0,0,0
1592012,525,1,0,0,0,0
1592020,526,1,0,0,0,0
1592029,529,1,0,0,0,0
1592037,529,1,0,0,0,0
1592045,533,1,0,0,0,0
1592053,528,1,0,0,0,0
1592061,533,1,0,0,0,0
1592069,537,1,0,0,0,0
1592077,535,1,0,0,0,0
1592085,535,1,0,0,0,0
1592093,537,1,0,0,0,0
1592101,541,1,0,0,0,0
1592109,536,1,0,0,0,0
1592117,540,1,0,0,0,0
1592125,543,1,0,0,0,0
1592133,545,1,0,0,0,0
1592141,549,1,0,0,0,0
1592149,552,1,0,0,0,0
1592157,550,1,0,0,0,0
1592165,553,1,0,0,0,0
1592173,550,1,0,0,0,0
1592181,547,1,0,0,0,0
1592189,553,1,0,0,0,0
1592197,553,1,0,0,0,0
1592205,548,1,0,0,0,0
1592213,548,1,0,0,0,0
1592221,548,1,0,0,0,0
1592229,560,1,0,0,0,0
1592237,552,1,0,0,0,0
1592245,555,1,0,0,0,0
1592253,552,1,0,0,0,0
1592261,545,1,0,0,0,0
1592269,553,1,0,0,0,0
1592277,552,1,0,0,0,0
1592285,556,1,0,0,0,0
1592293,548,1,0,0,0,0
1592301,545,1,0,0,0,0
1592309,556,1,0,0,0,0
1592317,546,1,0,0,0,0
1592325,549,1,0,0,0,0
1592333,549,1,0,0,0,0
1592341,561,1,0,0,0,0
1592349,555,1,0,0,0,0
1592357,553,1,0,0,0,0
1592365,561,1,0,0,0,0
1592373,570,1,0,0,0,0
1592381,570,1,0,0,0,0
1592389,567,1,0,0,0,0
1592397,555,1,0,0,0,0
1592405,555,1,0,0,0,0
1592413,546,1,0,0,0,0
1592421,545,1,0,0,0,0
1592429,545,1,0,0,0,0
1592437,542,1,0,0,0,0
1592445,546,1,0,0,0,0
1592453,546,1,0,0,0,0
1592461,529,1,0,0,0,0
1592469,476,1,0,0,0,0
1592477,369,1,0,0,0,0
1592485,375,1,0,0,0,0
1592493,589,1,0,0,0,0
1592501,926,1,0,0,0,0
1592509,780,1,0,0,0,0
1592517,626,1,0,0,0,0
1592525,740,1,0,0,0,0
1592533,687,1,0,0,0,0
1592541,560,1,0,0,0,0
1592549,516,1,0,0,0,0
1592557,509,1,0,0,0,0
1592565,513,1,0,0,0,0
1592573,500,1,0,0,0,0
1592581,500,1,0,0,0,0
1592589,504,1,0,0,0,0
1592597,501,1,0,0,0,0
1592605,507,1,0,0,0,0
1592613,504,1,0,0,0,0
1592621,505,1,0,0,0,0
1592629,502,1,0,0,0,0
1592637,497,1,0,0,0,0
1592645,518,1,0,0,0,0
1592653,516,1,0,0,0,0
1592661,512,1,0,0,0,0
1592669,523,1,0,0,0,0
1592677,525,1,0,0,0,0
1592685,528,1,0,0,0,0
1592693,534,1,0,0,0,0
1592701,537,1,0,0,0,0
1592709,549,1,0,0,0,0
1592717,557,1,0,0,0,0
1592725,569,1,0,0,0,0
1592733,572,1,0,0,0,0
1592741,583,1,0,0,0,0
1592749,590,1,0,0,0,0
1592757,585,1,0,0,0,0
1592765,589,1,0,0,0,0
1592773,586,1,0,0,0,0
1592781,570,1,0,0,0,0
1592789,560,1,0,0,0,0
1592797,553,1,0,0,0,0
1592805,546,1,0,0,0,0
1592813,536,1,0,0,0,0
1592821,535,1,0,0,0,0
1592829,529,1,0,0,0,0
1592837,522,1,0,0,0,0
1592845,528,1,0,0,0,0
1592853,524,1,0,0,0,0
1592861,524,1,0,0,0,0
1592869,526,1,0,0,0,0
1592877,521,1,0,0,0,0
1592885,524,1,0,0,0,0
1592893,523,1,0,0,0,0
1592901,526,1,0,0,0,0
1592909,526,1,0,0,0,0
1592917,523,1,0,0,0,0
1592925,524,1,0,0,0,0
1592933,525,1,0,0,0,0
1592941,528,1,0,0,0,0
1592949,528,1,0,0,0,0
1592957,526,1,0,0,0,0
1592965,525,1,0,0,0,0
1592973,524,1,0,0,0,0
1592981,532,1,0,0,0,0
1592989,541,1,0,0,0,0
1592997,532,1,0,0,0,0
1593005,538,1,0,0,0,0
1593013,540,1,0,0,0,0
1593021,538,1,0,0,0,0
1593029,543,1,0,0,0,0
1593037,541,1,0,0,0,0
1593045,545,1,0,0,0,0
1593053,547,1,0,0,0,0
1593061,543,1,0,0,0,0
1593069,545,1,0,0,0,0
1593077,541,1,0,0,0,0
1593085,546,1,0,0,0,0
1593093,550,1,0,0,0,0
1593101,550,1,0,0,0,0
1593109,552,1,0,0,0,0
1593117,543,1,0,0,0,0
1593125,547,1,0,0,0,0
1593133,550,1,0,0,0,0
1593141,550,1,0,0,0,0
1593149,549,1,0,0,0,0
1593157,547,1,0,0,0,0
1593165,552,1,0,0,0,0
1593173,553,1,0,0,0,0
1593181,545,1,0,0,0,0
1593189,545,1,0,0,0,0
1593197,545,1,0,0,0,0
1593205,552,1,0,0,0,0
1593213,545,1,0,0,0,0
1593221,546,1,0,0,0,0
1593229,549,1,0,0,0,0
1593237,543,1,0,0,0,0
1593245,546,1,0,0,0,0
1593253,549,1,0,0,0,0
1593261,546,1,0,0,0,0
1593269,553,1,0,0,0,0
1593277,545,1,0,0,0,0
1593285,554,1,0,0,0,0
1593293,552,1,0,0,0,0
1593301,553,1,0,0,0,0
1593309,567,1,0,0,0,0
1593317,568,1,0,0,0,0
1593325,567,1,0,0,0,0
1593333,555,1,0,0,0,0
1593341,547,1,0,0,0,0
1593349,552,1,0,0,0,0
1593357,545,1,0,0,0,0
1593365,543,1,0,0,0,0
1593374,535,1,0,0,0,0
1593382,543,1,0,0,0,0
1593390,547,1,0,0,0,0
1593398,523,1,0,0,0,0
1593406,478,1,0,0,0,0
1593414,377,1,0,0,0,0
1593422,375,1,0,0,0,0
1593430,594,1,0,0,0,0
1593438,922,1,0,0,0,0
1593446,758,1,0,0,0,0
1593454,606,1,0,0,0,0
1593462,723,1,0,0,0,0
1593470,689,1,0,0,0,0
1593478,561,1,0,0,0,0
1593486,507,1,0,0,0,0
1593494,504,1,0,0,0,0
1593502,502,1,0,0,0,0
1593510,499,1,0,0,0,0
1593518,497,1,0,0,0,0
1593526,502,1,0,0,0,0
1593534,497,1,0,0,0,0
1593542,499,1,0,0,0,0
1593550,506,1,0,0,0,0
1593558,497,1,0,0,0,0
1593566,504,1,0,0,0,0
1593574,502,1,0,0,0,0
1593582,506,1,0,0,0,0
1593590,513,1,0,0,0,0
1593598,513,1,0,0,0,0
1593606,521,1,0,0,0,0
1593614,524,1,0,0,0,0
1593622,521,1,0,0,0,0
1593630,537,1,0,0,0,0
1593638,540,1,0,0,0,0
1593646,545,1,0,0,0,0
1593654,553,1,0,0,0,0
1593662,567,1,0,0,0,0
1593670,576,1,0,0,0,0
1593678,576,1,0,0,0,0
1593686,584,1,0,0,0,0
1593694,586,1,0,0,0,0
1593702,580,1,0,0,0,0
1593710,582,1,0,0,0,0
1593718,567,1,0,0,0,0
1593726,553,1,0,0,0,0
1593734,543,1,0,0,0,0
1593742,536,1,0,0,0,0
1593750,537,1,0,0,0,0
1593758,522,1,0,0,0,0
1593766,522,1,0,0,0,0
1593774,530,1,0,0,0,0
1593782,524,1,0,0,0,0
1593790,526,1,0,0,0,0
1593798,522,1,0,0,0,0
1593806,519,1,0,0,0,0
1593814,523,1,0,0,0,0
1593822,521,1,0,0,0,0
1593830,519,1,0,0,0,0
1593838,519,1,0,0,0,0
1593846,526,1,0,0,0,0
1593854,528,1,0,0,0,0
1593862,526,1,0,0,0,0
1593870,524,1,0,0,0,0
1593878,523,1,0,0,0,0
1593886,523,1,0,0,0,0
1593894,532,1,0,0,0,0
1593902,526,1,0,0,0,0
1593910,525,1,0,0,0,0
1593918,532,1,0,0,0,0
1593926,535,1,0,0,0,0
1593934,535,1,0,0,0,0
1593942,535,1,0,0,0,0
1593950,536,1,0,0,0,0
1593958,536,1,0,0,0,0
1593966,545,1,0,0,0,0
1593974,544,1,0,0,0,0
1593982,545,1,0,0,0,0
1593990,549,1,0,0,0,0
1593998,545,1,0,0,0,0
1594006,550,1,0,0,0,0
1594014,547,1,0,0,0,0
1594022,547,1,0,0,0,0
1594030,547,1,0,0,0,0
1594038,546,1,0,0,0,0
1594046,545,1,0,0,0,0
1594054,552,1,0,0,0,0
1594062,550,1,0,0,0,0
1594070,554,1,0,0,0,0
1594078,543,1,0,0,0,0
1594086,552,1,0,0,0,0
1594094,552,1,0,0,0,0
1594102,547,1,0,0,0,0
1594110,553,1,0,0,0,0
1594118,546,1,0,0,0,0
1594126,553,1,0,0,0,0
1594134,555,1,0,0,0,0
1594142,554,1,0,0,0,0
1594150,562,1,0,0,0,0
1594158,558,1,0,0,0,0
1594166,567,1,0,0,0,0
1594174,572,1,0,0,0,0
1594182,570,1,0,0,0,0
1594190,567,1,0,0,0,0
1594198,554,1,0,0,0,0
1594206,552,1,0,0,0,0
1594214,554,1,0,0,0,0
1594222,547,1,0,0,0,0
1594230,550,1,0,0,0,0
1594238,547,1,0,0,0,0
1594246,553,1,0,0,0,0
1594254,552,1,0,0,0,0
1594262,521,1,0,0,0,0
1594270,475,1,0,0,0,0
1594278,377,1,0,0,0,0
1594286,403,1,0,0,0,0
1594294,663,1,0,0,0,0
1594302,944,1,0,0,0,0
1594310,713,1,0,0,0,0
1594318,615,1,0,0,0,0
1594326,736,1,0,0,0,0
1594334,675,1,0,0,0,0
1594342,547,1,0,0,0,0
1594350,517,1,0,0,0,0
1594358,507,1,0,0,0,0
1594366,512,1,0,0,0,0
1594374,508,1,0,0,0,0
1594382,510,1,0,0,0,0
1594390,511,1,0,0,0,0
1594398,512,1,0,0,0,0
1594406,512,1,0,0,0,0
1594414,512,1,0,0,0,0
1594422,513,1,0,0,0,0
1594430,514,1,0,0,0,0
1594438,513,1,0,0,0,0
1594446,514,1,0,0,0,0
1594454,521,1,0,0,0,0
1594462,521,1,0,0,0,0
1594470,526,1,0,0,0,0
1594478,534,1,0,0,0,0
1594486,537,1,0,0,0,0
1594494,542,1,0,0,0,0
1594502,543,1,0,0,0,0
1594510,554,1,0,0,0,0
1594518,556,1,0,0,0,0
1594526,570,1,0,0,0,0
1594534,584,1,0,0,0,0
1594542,586,1,0,0,0,0
1594550,592,1,0,0,0,0
1594558,588,1,0,0,0,0
1594566,592,1,0,0,0,0
1594574,589,1,0,0,0,0
1594582,572,1,0,0,0,0
1594590,560,1,0,0,0,0
1594598,545,1,0,0,0,0
1594606,541,1,0,0,0,0
1594614,536,1,0,0,0,0
1594622,526,1,0,0,0,0
1594630,530,1,0,0,0,0
1594638,523,1,0,0,0,0
1594646,528,1,0,0,0,0
1594654,530,1,0,0,0,0
1594662,522,1,0,0,0,0
1594671,525,1,0,0,0,0
1594679,523,1,0,0,0,0
1594687,523,1,0,0,0,0
1594695,521,1,0,0,0,0
1594703,523,1,0,0,0,0
1594711,522,1,0,0,0,0
1594719,521,1,0,0,0,0
1594727,523,1,0,0,0,0
1594735,530,1,0,0,0,0
1594743,523,1,0,0,0,0
1594751,529,1,0,0,0,0
1594759,528,1,0,0,0,0
1594767,528,1,0,0,0,0
1594775,532,1,0,0,0,0
1594783,531,1,0,0,0,0
1594791,534,1,0,0,0,0
1594799,528,1,0,0,0,0
1594807,532,1,0,0,0,0
1594815,542,1,0,0,0,0
1594823,541,1,0,0,0,0
1594831,543,1,0,0,0,0
1594839,536,1,0,0,0,0
1594847,540,1,0,0,0,0
1594855,538,1,0,0,0,0
1594863,547,1,0,0,0,0
1594871,547,1,0,0,0,0
1594879,543,1,0,0,0,0
1594887,545,1,0,0,0,0
1594895,549,1,0,0,0,0
1594903,542,1,0,0,0,0
1594911,549,1,0,0,0,0
1594919,547,1,0,0,0,0
1594927,547,1,0,0,0,0
1594935,554,1,0,0,0,0
1594943,552,1,0,0,0,0
1594951,556,1,0,0,0,0
1594959,555,1,0,0,0,0
1594967,549,1,0,0,0,0
1594975,550,1,0,0,0,0
1594983,545,1,0,0,0,0
1594991,549,1,0,0,0,0
1594999,546,1,0,0,0,0
1595007,552,1,0,0,0,0
1595015,552,1,0,0,0,0
1595023,541,1,0,0,0,0
1595031,554,1,0,0,0,0
1595039,549,1,0,0,0,0
1595047,550,1,0,0,0,0
1595055,555,1,0,0,0,0
1595063,547,1,0,0,0,0
1595071,556,1,0,0,0,0
1595079,571,1,0,0,0,0
1595087,568,1,0,0,0,0
1595095,561,1,0,0,0,0
1595103,550,1,0,0,0,0
1595111,554,1,0,0,0,0
1595119,546,1,0,0,0,0
1595127,546,1,0,0,0,0
1595135,556,1,0,0,0,0
1595143,547,1,0,0,0,0
1595151,549,1,0,0,0,0
1595159,538,1,0,0,0,0
1595167,526,1,0,0,0,0
1595175,478,1,0,0,0,0
1595183,366,1,0,0,0,0
1595191,377,1,0,0,0,0
1595199,614,1,0,0,0,0
1595207,925,1,0,0,0,0
1595215,744,1,0,0,0,0
1595223,634,1,0,0,0,0
1595231,746,1,0,0,0,0
1595239,678,1,0,0,0,0
1595247,554,1,0,0,0,0
1595255,516,1,0,0,0,0
1595263,508,1,0,0,0,0
1595271,510,1,0,0,0,0
1595279,506,1,0,0,0,0
1595287,507,1,0,0,0,0
1595295,508,1,0,0,0,0
1595303,505,1,0,0,0,0
1595311,511,1,0,0,0,0
1595319,508,1,0,0,0,0
1595327,507,1,0,0,0,0
1595335,509,1,0,0,0,0
1595343,508,1,0,0,0,0
1595351,516,1,0,0,0,0
1595359,508,1,0,0,0,0
1595367,517,1,0,0,0,0
1595375,526,1,0,0,0,0
1595383,529,1,0,0,0,0
1595391,530,1,0,0,0,0
1595399,536,1,0,0,0,0
1595407,542,1,0,0,0,0
1595415,552,1,0,0,0,0
1595423,553,1,0,0,0,0
1595431,568,1,0,0,0,0
1595439,576,1,0,0,0,0
1595447,579,1,0,0,0,0
1595455,585,1,0,0,0,0
1595463,589,1,0,0,0,0
1595471,584,1,0,0,0,0
1595479,583,1,0,0,0,0
1595487,574,1,0,0,0,0
1595495,560,1,0,0,0,0
1595503,542,1,0,0,0,0
1595511,535,1,0,0,0,0
1595519,531,1,0,0,0,0
1595527,529,1,0,0,0,0
1595535,521,1,0,0,0,0
1595543,524,1,0,0,0,0
1595551,525,1,0,0,0,0
1595559,519,1,0,0,0,0
1595567,523,1,0,0,0,0
1595575,522,1,0,0,0,0
1595583,516,1,0,0,0,0
1595591,526,1,0,0,0,0
1595599,524,1,0,0,0,0
1595607,521,1,0,0,0,0
1595615,521,1,0,0,0,0
1595623,518,1,0,0,0,0
1595631,523,1,0,0,0,0
1595639,522,1,0,0,0,0
1595647,521,1,0,0,0,0
1595655,525,1,0,0,0,0
1595663,524,1,0,0,0,0
1595671,528,1,0,0,0,0
1595679,532,1,0,0,0,0
1595687,530,1,0,0,0,0
1595695,533,1,0,0,0,0
1595703,530,1,0,0,0,0
1595711,534,1,0,0,0,0
1595719,533,1,0,0,0,0
1595727,533,1,0,0,0,0
1595735,541,1,0,0,0,0
1595743,540,1,0,0,0,0
1595751,542,1,0,0,0,0
1595759,543,1,0,0,0,0
1595767,541,1,0,0,0,0
1595775,553,1,0,0,0,0
1595783,547,1,0,0,0,0
1595791,546,1,0,0,0,0
1595799,542,1,0,0,0,0
1595807,545,1,0,0,0,0
1595815,549,1,0,0,0,0
1595823,547,1,0,0,0,0
1595831,553,1,0,0,0,0
1595839,549,1,0,0,0,0
1595847,546,1,0,0,0,0
1595855,547,1,0,0,0,0
1595863,545,1,0,0,0,0
1595871,549,1,0,0,0,0
1595879,546,1,0,0,0,0
1595887,547,1,0,0,0,0
1595895,552,1,0,0,0,0
1595903,542,1,0,0,0,0
1595911,550,1,0,0,0,0
1595919,552,1,0,0,0,0
1595927,547,1,0,0,0,0
1595935,552,1,0,0,0,0
1595943,555,1,0,0,0,0
1595951,567,1,0,0,0,0
1595959,572,1,0,0,0,0
1595967,566,1,0,0,0,0
1595975,561,1,0,0,0,0
1595984,559,1,0,0,0,0
1595992,555,1,0,0,0,0
1596000,554,1,0,0,0,0
1596008,552,1,0,0,0,0
1596016,546,1,0,0,0,0
1596024,545,1,0,0,0,0
1596032,549,1,0,0,0,0
1596040,546,1,0,0,0,0
1596048,525,1,0,0,0,0
1596056,468,1,0,0,0,0
1596064,365,1,0,0,0,0
1596072,433,1,0,0,0,0
1596080,721,1,0,0,0,0
1596088,919,1,0,0,0,0
1596096,658,1,0,0,0,0
1596104,610,1,0,0,0,0
1596112,728,1,0,0,0,0
1596120,666,1,0,0,0,0
1596128,546,1,0,0,0,0
1596136,522,1,0,0,0,0
1596144,517,1,0,0,0,0
1596152,513,1,0,0,0,0
1596160,509,1,0,0,0,0
1596168,505,1,0,0,0,0
1596176,508,1,0,0,0,0
1596184,509,1,0,0,0,0
1596192,512,1,0,0,0,0
1596200,516,1,0,0,0,0
1596208,508,1,0,0,0,0
1596216,514,1,0,0,0,0
1596224,513,1,0,0,0,0
1596232,514,1,0,0,0,0
1596240,519,1,0,0,0,0
1596248,525,1,0,0,0,0
1596256,532,1,0,0,0,0
1596264,532,1,0,0,0,0
1596272,535,1,0,0,0,0
1596280,542,1,0,0,0,0
1596288,544,1,0,0,0,0
1596296,562,1,0,0,0,0
1596304,566,1,0,0,0,0
1596312,579,1,0,0,0,0
1596320,583,1,0,0,0,0
1596328,585,1,0,0,0,0
1596336,598,1,0,0,0,0
1596344,595,1,0,0,0,0
1596352,598,1,0,0,0,0
1596360,589,1,0,0,0,0
1596368,577,1,0,0,0,0
1596376,570,1,0,0,0,0
1596384,552,1,0,0,0,0
1596392,536,1,0,0,0,0
1596400,540,1,0,0,0,0
1596408,535,1,0,0,0,0
1596416,536,1,0,0,0,0
1596424,525,1,0,0,0,0
1596432,532,1,0,0,0,0
1596440,528,1,0,0,0,0
1596448,532,1,0,0,0,0
1596456,532,1,0,0,0,0
1596464,526,1,0,0,0,0
1596472,525,1,0,0,0,0
1596480,528,1,0,0,0,0
1596488,525,1,0,0,0,0
1596496,524,1,0,0,0,0
1596504,524,1,0,0,0,0
1596512,529,1,0,0,0,0
1596520,534,1,0,0,0,0
1596528,529,1,0,0,0,0
1596536,529,1,0,0,0,0
1596544,522,1,0,0,0,0
1596552,528,1,0,0,0,0
1596560,536,1,0,0,0,0
1596568,535,1,0,0,0,0
1596576,540,1,0,0,0,0
1596584,540,1,0,0,0,0
1596592,540,1,0,0,0,0
1596600,546,1,0,0,0,0
1596608,545,1,0,0,0,0
1596616,546,1,0,0,0,0
1596624,542,1,0,0,0,0
1596632,545,1,0,0,0,0
1596640,552,1,0,0,0,0
1596648,552,1,0,0,0,0
1596656,554,1,0,0,0,0
1596664,543,1,0,0,0,0
1596672,553,1,0,0,0,0
1596680,555,1,0,0,0,0
1596688,546,1,0,0,0,0
1596696,547,1,0,0,0,0
1596704,549,1,0,0,0,0
1596712,554,1,0,0,0,0
1596720,555,1,0,0,0,0
1596728,546,1,0,0,0,0
1596736,545,1,0,0,0,0
1596744,548,1,0,0,0,0
1596752,555,1,0,0,0,0
1596760,552,1,0,0,0,0
1596768,547,1,0,0,0,0
1596776,553,1,0,0,0,0
1596784,549,1,0,0,0,0
1596792,553,1,0,0,0,0
1596800,546,1,0,0,0,0
1596808,553,1,0,0,0,0
1596816,560,1,0,0,0,0
1596824,557,1,0,0,0,0
1596832,566,1,0,0,0,0
1596840,569,1,0,0,0,0
1596848,568,1,0,0,0,0
1596856,571,1,0,0,0,0
1596864,559,1,0,0,0,0
1596872,549,1,0,0,0,0
1596880,545,1,0,0,0,0
1596888,547,1,0,0,0,0
1596896,555,1,0,0,0,0
1596904,547,1,0,0,0,0
1596912,549,1,0,0,0,0
1596920,550,1,0,0,0,0
1596928,525,1,0,0,0,0
1596936,471,1,0,0,0,0
1596944,363,1,0,0,0,0
1596952,385,1,0,0,0,0
1596960,634,1,0,0,0,0
1596968,921,1,0,0,0,0
1596976,715,1,0,0,0,0
1596984,637,1,0,0,0,0
1596992,746,1,0,0,0,0
1597000,670,1,0,0,0,0
1597008,547,1,0,0,0,0
1597016,521,1,0,0,0,0
1597024,512,1,0,0,0,0
1597032,512,1,0,0,0,0
1597040,513,1,0,0,0,0
1597048,505,1,0,0,0,0
1597056,506,1,0,0,0,0
1597064,508,1,0,0,0,0
1597072,508,1,0,0,0,0
1597080,511,1,0,0,0,0
1597088,505,1,0,0,0,0
1597096,514,1,0,0,0,0
1597104,513,1,0,0,0,0
1597112,505,1,0,0,0,0
1597120,518,1,0,0,0,0
1597128,521,1,0,0,0,0
1597136,525,1,0,0,0,0
1597144,522,1,0,0,0,0
1597152,525,1,0,0,0,0
1597160,541,1,0,0,0,0
1597168,545,1,0,0,0,0
1597176,553,1,0,0,0,0
1597184,559,1,0,0,0,0
1597192,562,1,0,0,0,0
1597200,579,1,0,0,0,0
1597208,585,1,0,0,0,0
1597216,594,1,0,0,0,0
1597224,594,1,0,0,0,0
1597232,592,1,0,0,0,0
1597240,582,1,0,0,0,0
1597248,566,1,0,0,0,0
1597256,558,1,0,0,0,0
1597264,544,1,0,0,0,0
1597272,534,1,0,0,0,0
1597280,533,1,0,0,0,0
1597288,528,1,0,0,0,0
1597296,524,1,0,0,0,0
1597304,522,1,0,0,0,0
1597312,526,1,0,0,0,0
1597321,522,1,0,0,0,0
1597329,523,1,0,0,0,0
1597337,525,1,0,0,0,0
1597345,518,1,0,0,0,0
1597353,518,1,0,0,0,0
1597361,517,1,0,0,0,0
1597369,513,1,0,0,0,0
1597377,522,1,0,0,0,0
1597385,518,1,0,0,0,0
1597393,520,1,0,0,0,0
1597401,521,1,0,0,0,0
1597409,522,1,0,0,0,0
1597417,526,1,0,0,0,0
1597425,523,1,0,0,0,0
1597433,523,1,0,0,0,0
1597441,534,1,0,0,0,0
1597449,529,1,0,0,0,0
1597457,533,1,0,0,0,0
1597465,528,1,0,0,0,0
1597473,531,1,0,0,0,0
1597481,540,1,0,0,0,0
1597489,535,1,0,0,0,0
1597497,535,1,0,0,0,0
1597505,538,1,0,0,0,0
1597513,546,1,0,0,0,0
1597521,542,1,0,0,0,0
1597529,538,1,0,0,0,0
1597537,545,1,0,0,0,0
1597545,543,1,0,0,0,0
1597553,545,1,0,0,0,0
1597561,545,1,0,0,0,0
1597569,543,1,0,0,0,0
1597577,542,1,0,0,0,0
1597585,543,1,0,0,0,0
1597593,547,1,0,0,0,0
1597601,547,1,0,0,0,0
1597609,543,1,0,0,0,0
1597617,542,1,0,0,0,0
1597625,542,1,0,0,0,0
1597633,550,1,0,0,0,0
1597641,553,1,0,0,0,0
1597649,547,1,0,0,0,0
1597657,542,1,0,0,0,0
1597665,543,1,0,0,0,0
1597673,549,1,0,0,0,0
1597681,546,1,0,0,0,0
1597689,546,1,0,0,0,0
1597697,553,1,0,0,0,0
1597705,559,1,0,0,0,0
1597713,568,1,0,0,0,0
1597721,571,1,0,0,0,0
1597729,560,1,0,0,0,0
1597737,549,1,0,0,0,0
1597745,547,1,0,0,0,0
1597753,543,1,0,0,0,0
1597761,547,1,0,0,0,0
1597769,541,1,0,0,0,0
1597777,538,1,0,0,0,0
1597785,542,1,0,0,0,0
1597793,536,1,0,0,0,0
1597801,512,1,0,0,0,0
1597809,445,1,0,0,0,0
1597817,358,1,0,0,0,0
1597825,447,1,0,0,0,0
1597833,756,1,0,0,0,0
1597841,895,1,0,0,0,0
1597849,616,1,0,0,0,0
1597857,633,1,0,0,0,0
1597865,728,1,0,0,0,0
1597873,644,1,0,0,0,0
1597881,536,1,0,0,0,0
1597889,512,1,0,0,0,0
1597897,508,1,0,0,0,0
1597905,502,1,0,0,0,0
1597913,502,1,0,0,0,0
1597921,509,1,0,0,0,0
1597929,502,1,0,0,0,0
1597937,498,1,0,0,0,0
1597945,507,1,0,0,0,0
1597953,510,1,0,0,0,0
1597961,512,1,0,0,0,0
1597969,502,1,0,0,0,0
1597977,508,1,0,0,0,0
1597985,516,1,0,0,0,0
1597993,521,1,0,0,0,0
1598001,523,1,0,0,0,0
1598009,523,1,0,0,0,0
1598017,532,1,0,0,0,0
1598025,534,1,0,0,0,0
1598033,536,1,0,0,0,0
1598041,547,1,0,0,0,0
1598049,556,1,0,0,0,0
1598057,566,1,0,0,0,0
1598065,576,1,0,0,0,0
1598073,581,1,0,0,0,0
1598081,594,1,0,0,0,0
1598089,597,1,0,0,0,0
1598097,600,1,0,0,0,0
1598105,594,1,0,0,0,0
1598113,580,1,0,0,0,0
1598121,570,1,0,0,0,0
1598129,554,1,0,0,0,0
1598137,542,1,0,0,0,0
1598145,535,1,0,0,0,0
1598153,530,1,0,0,0,0
1598161,532,1,0,0,0,0
1598169,523,1,0,0,0,0
1598177,519,1,0,0,0,0
1598185,523,1,0,0,0,0
1598193,526,1,0,0,0,0
1598201,528,1,0,0,0,0
1598209,521,1,0,0,0,0
1598217,523,1,0,0,0,0
1598225,522,1,0,0,0,0
1598233,519,1,0,0,0,0
1598241,524,1,0,0,0,0
1598249,520,1,0,0,0,0
1598257,519,1,0,0,0,0
1598265,525,1,0,0,0,0
1598273,531,1,0,0,0,0
1598281,531,1,0,0,0,0
1598289,525,1,0,0,0,0
1598297,533,1,0,0,0,0
1598305,537,1,0,0,0,0
1598313,536,1,0,0,0,0
1598321,542,1,0,0,0,0
1598329,532,1,0,0,0,0
1598337,534,1,0,0,0,0
1598345,535,1,0,0,0,0
1598353,538,1,0,0,0,0
1598361,543,1,0,0,0,0
1598369,542,1,0,0,0,0
1598377,546,1,0,0,0,0
1598385,545,1,0,0,0,0
1598393,545,1,0,0,0,0
1598401,550,1,0,0,0,0
1598409,546,1,0,0,0,0
1598417,552,1,0,0,0,0
1598425,552,1,0,0,0,0
1598433,548,1,0,0,0,0
1598441,555,1,0,0,0,0
1598449,552,1,0,0,0,0
1598457,546,1,0,0,0,0
1598465,555,1,0,0,0,0
1598473,549,1,0,0,0,0
1598481,555,1,0,0,0,0
1598489,553,1,0,0,0,0
1598497,550,1,0,0,0,0
1598505,553,1,0,0,0,0
1598513,555,1,0,0,0,0
1598521,553,1,0,0,0,0
1598529,548,1,0,0,0,0
1598537,552,1,0,0,0,0
1598545,554,1,0,0,0,0
1598553,556,1,0,0,0,0
1598561,562,1,0,0,0,0
1598569,561,1,0,0,0,0
1598577,562,1,0,0,0,0
1598585,562,1,0,0,0,0
1598593,561,1,0,0,0,0
1598601,558,1,0,0,0,0
1598609,546,1,0,0,0,0
1598617,547,1,0,0,0,0
1598625,547,1,0,0,0,0
1598634,541,1,0,0,0,0
1598642,544,1,0,0,0,0
1598650,538,1,0,0,0,0
1598658,545,1,0,0,0,0
1598666,517,1,0,0,0,0
1598674,451,1,0,0,0,0
1598682,355,1,0,0,0,0
1598690,402,1,0,0,0,0
1598698,687,1,0,0,0,0
1598706,930,1,0,0,0,0
1598714,682,1,0,0,0,0
1598722,663,1,0,0,0,0
1598730,738,1,0,0,0,0
1598738,652,1,0,0,0,0
1598746,541,1,0,0,0,0
1598754,514,1,0,0,0,0
1598762,509,1,0,0,0,0
1598770,505,1,0,0,0,0
1598778,504,1,0,0,0,0
1598786,508,1,0,0,0,0
1598794,505,1,0,0,0,0
1598802,507,1,0,0,0,0
1598810,506,1,0,0,0,0
1598818,507,1,0,0,0,0
1598826,508,1,0,0,0,0
1598834,509,1,0,0,0,0
1598842,512,1,0,0,0,0
1598850,513,1,0,0,0,0
1598858,523,1,0,0,0,0
1598866,525,1,0,0,0,0
1598874,528,1,0,0,0,0
1598882,529,1,0,0,0,0
1598890,535,1,0,0,0,0
1598898,543,1,0,0,0,0
1598906,547,1,0,0,0,0
1598914,549,1,0,0,0,0
1598922,568,1,0,0,0,0
1598930,576,1,0,0,0,0
1598938,580,1,0,0,0,0
1598946,589,1,0,0,0,0
1598954,589,1,0,0,0,0
1598962,600,1,0,0,0,0
1598970,589,1,0,0,0,0
1598978,582,1,0,0,0,0
1598986,570,1,0,0,0,0
1598994,555,1,0,0,0,0
1599002,545,1,0,0,0,0
1599010,533,1,0,0,0,0
1599018,530,1,0,0,0,0
1599026,528,1,0,0,0,0
1599034,522,1,0,0,0,0
1599042,521,1,0,0,0,0
1599050,523,1,0,0,0,0
1599058,532,1,0,0,0,0
1599066,528,1,0,0,0,0
1599074,521,1,0,0,0,0
1599082,526,1,0,0,0,0
1599090,526,1,0,0,0,0
1599098,522,1,0,0,0,0
1599106,524,1,0,0,0,0
1599114,524,1,0,0,0,0
1599122,524,1,0,0,0,0
1599130,523,1,0,0,0,0
1599138,517,1,0,0,0,0
1599146,520,1,0,0,0,0
1599154,524,1,0,0,0,0
1599162,530,1,0,0,0,0
1599170,528,1,0,0,0,0
1599178,535,1,0,0,0,0
1599186,532,1,0,0,0,0
1599194,532,1,0,0,0,0
1599202,536,1,0,0,0,0
1599210,536,1,0,0,0,0
1599218,542,1,0,0,0,0
1599226,546,1,0,0,0,0
1599234,544,1,0,0,0,0
1599242,541,1,0,0,0,0
1599250,541,1,0,0,0,0
1599258,545,1,0,0,0,0
1599266,546,1,0,0,0,0
1599274,542,1,0,0,0,0
1599282,553,1,0,0,0,0
1599290,547,1,0,0,0,0
1599298,550,1,0,0,0,0
1599306,553,1,0,0,0,0
1599314,546,1,0,0,0,0
1599322,552,1,0,0,0,0
1599330,546,1,0,0,0,0
1599338,555,1,0,0,0,0
1599346,555,1,0,0,0,0
1599354,547,1,0,0,0,0
1599362,557,1,0,0,0,0
1599370,552,1,0,0,0,0
1599378,552,1,0,0,0,0
1599386,552,1,0,0,0,0
1599394,550,1,0,0,0,0
1599402,555,1,0,0,0,0
1599410,549,1,0,0,0,0
1599418,546,1,0,0,0,0
1599426,549,1,0,0,0,0
1599434,552,1,0,0,0,0
1599442,553,1,0,0,0,0
1599450,549,1,0,0,0,0
1599458,555,1,0,0,0,0
1599466,567,1,0,0,0,0
1599474,561,1,0,0,0,0
1599482,570,1,0,0,0,0
1599490,565,1,0,0,0,0
1599498,555,1,0,0,0,0
1599506,549,1,0,0,0,0
1599514,543,1,0,0,0,0
1599522,545,1,0,0,0,0
1599530,543,1,0,0,0,0
1599538,547,1,0,0,0,0
1599546,547,1,0,0,0,0
1599554,532,1,0,0,0,0
1599562,502,1,0,0,0,0
1599570,417,1,0,0,0,0
1599578,355,1,0,0,0,0
1599586,487,1,0,0,0,0
1599594,811,1,0,0,0,0
1599602,859,1,0,0,0,0
1599610,610,1,0,0,0,0
1599618,685,1,0,0,0,0
1599626,721,1,0,0,0,0
1599634,602,1,0,0,0,0
1599642,526,1,0,0,0,0
1599650,511,1,0,0,0,0
1599658,506,1,0,0,0,0
1599666,507,1,0,0,0,0
1599674,504,1,0,0,0,0
1599682,506,1,0,0,0,0
1599690,504,1,0,0,0,0
1599698,506,1,0,0,0,0
1599706,505,1,0,0,0,0
1599714,501,1,0,0,0,0
1599722,508,1,0,0,0,0
1599730,505,1,0,0,0,0
1599738,508,1,0,0,0,0
1599746,513,1,0,0,0,0
1599754,512,1,0,0,0,0
1599762,523,1,0,0,0,0
1599770,523,1,0,0,0,0
1599778,519,1,0,0,0,0
1599786,533,1,0,0,0,0
1599794,536,1,0,0,0,0
1599802,545,1,0,0,0,0
1599810,550,1,0,0,0,0
1599818,560,1,0,0,0,0
1599826,576,1,0,0,0,0
1599834,580,1,0,0,0,0
1599842,589,1,0,0,0,0
1599850,586,1,0,0,0,0
1599858,582,1,0,0,0,0
1599866,582,1,0,0,0,0
1599874,577,1,0,0,0,0
1599882,562,1,0,0,0,0
1599890,543,1,0,0,0,0
1599898,529,1,0,0,0,0
1599906,526,1,0,0,0,0
1599914,521,1,0,0,0,0
1599922,525,1,0,0,0,0
1599930,522,1,0,0,0,0
1599938,523,1,0,0,0,0
1599946,520,1,0,0,0,0
1599954,518,1,0,0,0,0
1599962,524,1,0,0,0,0
1599970,521,1,0,0,0,0
1599979,521,1,0,0,0,0
1599987,517,1,0,0,0,0
1599995,513,1,0,0,0,0
1600003,521,1,0,0,0,0
1600011,516,1,0,0,0,0
1600019,519,1,0,0,0,0
1600027,519,1,0,0,0,0
1600035,517,1,0,0,0,0
1600043,525,1,0,0,0,0
1600051,528,1,0,0,0,0
1600059,523,1,0,0,0,0
1600067,528,1,0,0,0,0
1600075,526,1,0,0,0,0
1600083,533,1,0,0,0,0
1600091,531,1,0,0,0,0
1600099,528,1,0,0,0,0
1600107,541,1,0,0,0,0
1600115,532,1,0,0,0,0
1600123,534,1,0,0,0,0
1600131,537,1,0,0,0,0
1600139,544,1,0,0,0,0
1600147,542,1,0,0,0,0
1600155,536,1,0,0,0,0
1600163,542,1,0,0,0,0
1600171,547,1,0,0,0,0
1600179,545,1,0,0,0,0
1600187,549,1,0,0,0,0
1600195,546,1,0,0,0,0
1600203,546,1,0,0,0,0
1600211,545,1,0,0,0,0
1600219,546,1,0,0,0,0
1600227,544,1,0,0,0,0
1600235,545,1,0,0,0,0
1600243,546,1,0,0,0,0
1600251,553,1,0,0,0,0
1600259,547,1,0,0,0,0
1600267,550,1,0,0,0,0
1600275,543,1,0,0,0,0
1600283,557,1,0,0,0,0
1600291,547,1,0,0,0,0
1600299,552,1,0,0,0,0
1600307,559,1,0,0,0,0
1600315,555,1,0,0,0,0
1600323,568,1,0,0,0,0
1600331,568,1,0,0,0,0
1600339,559,1,0,0,0,0
1600347,560,1,0,0,0,0
1600355,555,1,0,0,0,0
1600363,547,1,0,0,0,0
1600371,547,1,0,0,0,0
1600379,547,1,0,0,0,0
1600387,552,1,0,0,0,0
1600395,545,1,0,0,0,0
1600403,543,1,0,0,0,0
1600411,541,1,0,0,0,0
1600419,509,1,0,0,0,0
1600427,430,1,0,0,0,0
1600435,361,1,0,0,0,0
1600443,488,1,0,0,0,0
1600451,831,1,0,0,0,0
1600459,867,1,0,0,0,0
1600467,609,1,0,0,0,0
1600475,677,1,0,0,0,0
1600483,726,1,0,0,0,0
1600491,610,1,0,0,0,0
1600499,524,1,0,0,0,0
1600507,521,1,0,0,0,0
1600515,509,1,0,0,0,0
1600523,504,1,0,0,0,0
1600531,509,1,0,0,0,0
1600539,510,1,0,0,0,0
1600547,508,1,0,0,0,0
1600555,509,1,0,0,0,0
1600563,508,1,0,0,0,0
1600571,509,1,0,0,0,0
1600579,512,1,0,0,0,0
1600587,513,1,0,0,0,0
1600595,516,1,0,0,0,0
1600603,519,1,0,0,0,0
1600611,522,1,0,0,0,0
1600619,523,1,0,0,0,0
1600627,525,1,0,0,0,0
1600635,526,1,0,0,0,0
1600643,536,1,0,0,0,0
1600651,542,1,0,0,0,0
1600659,546,1,0,0,0,0
1600667,559,1,0,0,0,0
1600675,560,1,0,0,0,0
1600683,577,1,0,0,0,0
1600691,585,1,0,0,0,0
1600699,586,1,0,0,0,0
1600707,598,1,0,0,0,0
1600715,590,1,0,0,0,0
1600723,578,1,0,0,0,0
1600731,574,1,0,0,0,0
1600739,564,1,0,0,0,0
1600747,555,1,0,0,0,0
1600755,538,1,0,0,0,0
1600763,526,1,0,0,0,0
1600771,526,1,0,0,0,0
1600779,523,1,0,0,0,0
1600787,520,1,0,0,0,0
1600795,522,1,0,0,0,0
1600803,529,1,0,0,0,0
1600811,521,1,0,0,0,0
1600819,519,1,0,0,0,0
1600827,524,1,0,0,0,0
1600835,518,1,0,0,0,0
1600843,519,1,0,0,0,0
1600851,516,1,0,0,0,0
1600859,521,1,0,0,0,0
1600867,521,1,0,0,0,0
1600875,516,1,0,0,0,0
1600883,521,1,0,0,0,0
1600891,526,1,0,0,0,0
1600899,522,1,0,0,0,0
1600907,525,1,0,0,0,0
1600915,521,1,0,0,0,0
1600923,526,1,0,0,0,0
1600931,535,1,0,0,0,0
1600939,530,1,0,0,0,0
1600947,534,1,0,0,0,0
1600955,530,1,0,0,0,0
1600963,535,1,0,0,0,0
1600971,541,1,0,0,0,0
1600979,541,1,0,0,0,0
1600987,543,1,0,0,0,0
1600995,542,1,0,0,0,0
1601003,537,1,0,0,0,0
1601011,545,1,0,0,0,0
1601019,541,1,0,0,0,0
1601027,546,1,0,0,0,0
1601035,545,1,0,0,0,0
1601043,546,1,0,0,0,0
1601051,545,1,0,0,0,0
1601059,547,1,0,0,0,0
1601067,553,1,0,0,0,0
1601075,544,1,0,0,0,0
1601083,546,1,0,0,0,0
1601091,553,1,0,0,0,0
1601099,546,1,0,0,0,0
1601107,547,1,0,0,0,0
1601115,545,1,0,0,0,0
1601123,549,1,0,0,0,0
1601131,552,1,0,0,0,0
1601139,550,1,0,0,0,0
1601147,549,1,0,0,0,0
1601155,545,1,0,0,0,0
1601163,552,1,0,0,0,0
1601171,549,1,0,0,0,0
1601179,546,1,0,0,0,0
1601187,549,1,0,0,0,0
1601195,547,1,0,0,0,0
1601203,546,1,0,0,0,0
1601211,550,1,0,0,0,0
1601219,547,1,0,0,0,0
1601227,555,1,0,0,0,0
1601235,567,1,0,0,0,0
1601243,562,1,0,0,0,0
1601251,560,1,0,0,0,0
1601259,559,1,0,0,0,0
1601267,556,1,0,0,0,0
1601275,545,1,0,0,0,0
1601283,549,1,0,0,0,0
1601291,552,1,0,0,0,0
1601299,543,1,0,0,0,0
1601307,544,1,0,0,0,0
1601315,543,1,0,0,0,0
1601323,519,1,0,0,0,0
1601331,474,1,0,0,0,0
1601339,363,1,0,0,0,0
1601347,375,1,0,0,0,0
1601355,603,1,0,0,0,0
1601364,913,1,0,0,0,0
1601372,738,1,0,0,0,0
1601380,643,1,0,0,0,0
1601388,748,1,0,0,0,0
1601396,669,1,0,0,0,0
1601404,549,1,0,0,0,0
1601412,516,1,0,0,0,0
1601420,502,1,0,0,0,0
1601428,505,1,0,0,0,0
1601436,502,1,0,0,0,0
1601444,500,1,0,0,0,0
1601452,507,1,0,0,0,0
1601460,502,1,0,0,0,0
1601468,504,1,0,0,0,0
1601476,502,1,0,0,0,0
1601484,502,1,0,0,0,0
1601492,505,1,0,0,0,0
1601500,507,1,0,0,0,0
1601508,513,1,0,0,0,0
1601516,508,1,0,0,0,0
1601524,514,1,0,0,0,0
1601532,522,1,0,0,0,0
1601540,521,1,0,0,0,0
1601548,532,1,0,0,0,0
1601556,534,1,0,0,0,0
1601564,538,1,0,0,0,0
1601572,548,1,0,0,0,0
1601580,553,1,0,0,0,0
1601588,566,1,0,0,0,0
1601596,569,1,0,0,0,0
1601604,577,1,0,0,0,0
1601612,589,1,0,0,0,0
1601620,586,1,0,0,0,0
1601628,586,1,0,0,0,0
1601636,579,1,0,0,0,0
1601644,561,1,0,0,0,0
1601652,559,1,0,0,0,0
1601660,545,1,0,0,0,0
1601668,535,1,0,0,0,0
1601676,528,1,0,0,0,0
1601684,523,1,0,0,0,0
1601692,521,1,0,0,0,0
1601700,514,1,0,0,0,0
1601708,518,1,0,0,0,0
1601716,518,1,0,0,0,0
1601724,516,1,0,0,0,0
1601732,519,1,0,0,0,0
1601740,519,1,0,0,0,0
1601748,524,1,0,0,0,0
1601756,517,1,0,0,0,0
1601764,514,1,0,0,0,0
1601772,518,1,0,0,0,0
1601780,516,1,0,0,0,0
1601788,521,1,0,0,0,0
1601796,514,1,0,0,0,0
1601804,517,1,0,0,0,0
1601812,522,1,0,0,0,0
1601820,524,1,0,0,0,0
1601828,526,1,0,0,0,0
1601836,521,1,0,0,0,0
1601844,525,1,0,0,0,0
1601852,535,1,0,0,0,0
1601860,529,1,0,0,0,0
1601868,535,1,0,0,0,0
1601876,534,1,0,0,0,0
1601884,536,1,0,0,0,0
1601892,543,1,0,0,0,0
1601900,536,1,0,0,0,0
1601908,545,1,0,0,0,0
1601916,545,1,0,0,0,0
1601924,542,1,0,0,0,0
1601932,549,1,0,0,0,0
1601940,543,1,0,0,0,0
1601948,543,1,0,0,0,0
1601956,549,1,0,0,0,0
1601964,545,1,0,0,0,0
1601972,546,1,0,0,0,0
1601980,545,1,0,0,0,0
1601988,547,1,0,0,0,0
1601996,547,1,0,0,0,0
1627,50,0,0,0,100,0
1602476,543,1,0,0,0,0
1602484,547,1,0,0,0,0
1602492,562,1,0,0,0,0
1602500,572,1,0,0,0,0
1602508,580,1,0,0,0,0
1602516,582,1,0,0,0,0
1602524,590,1,0,0,0,0
1602532,598,1,0,0,0,0
1602540,594,1,0,0,0,0
1602548,589,1,0,0,0,0
1602556,576,1,0,0,0,0
1602564,562,1,0,0,0,0
1603245,752,1,0,0,0,0
1603253,677,1,0,0,0,0
1603261,549,1,0,0,0,0
1603269,514,1,0,0,0,0
1603277,516,1,0,0,0,0
1603285,506,1,0,0,0,0
1603293,508,1,0,0,0,0
1603301,504,1,0,0,0,0
1603309,508,1,0,0,0,0
1603317,508,1,0,0,0,0
1603325,502,1,0,0,0,0
1603333,505,1,0,0,0,0
1603653,52,1,0,0,0,0
103669,528,116036771,0,0,0,0
1603685,528,1,0,0,0,0
1603693,535,1,0,0,0,0
1603701,534,1,0,0,0,0
1603709,534,1,0,0,0,0
1603717,537,1,0,0,0,0
1603725,540,1,0,0,0,0
1603733,536,1,0,0,0,0
1603741,536,1,0,0,0,0
1603749,546,1,0,0,0,0
1603757,547,1,0,0,0,0
1603765,545,1,0,0,0,0
1603773,552,1,0,0,0,0
474,357,1000,0,0,100,0
160445,588,1,0,0,0,0
160447,574,1,0,0,0,0
1604534,522,1,0,0,0,0
1604542,525,1,0,0,0,0
1604550,524,1,0,0,0,0
1604558,526,1,0,0,0,0
1604566,517,1,0,0,0,0
1604574,523,1,0,0,0,0
1604582,522,1,0,0,0,0
1604590,523,1,0,0,0,0
1604598,523,1,0,0,0,0
1604606,518,1,0,0,0,0
1604614,516,1,0,0,0,0
1604622,521,1,0,0,0,0
1604830,547,1,0,0,0,0
1604838,547,1,0,0,0,0
1604846,545,1,0,0,0,0
1604854,547,1,0,0,0,0
1604862,547,1,0,0,0,0
1604870,549,1,0,0,0,0
1604878,554,1,0,0,0,0
1604886,549,1,0,0,0,0
1604894,547,1,0,0,0,0
1604902,547,1,0,0,0,0
1604910,547,1,0,0,0,0
1604918,552,1,0,0,0,0
503,543,1,0,0,0,0
14,5071,0,0,0,100,0
5190,508,1,0,0,0,0
5230,517,1,0,0,0,0
5254,534,1,0,0,0,0
5262,534,1,0,0,0,0
567,533,1,0,0,0,0
1605575,535,1,0,0,0,0
1605583,535,1,0,0,0,0
1605591,535,1,0,0,0,0
1605599,547,1,0,0,0,0
1605607,546,1,0,0,0,0
1605615,543,1,0,0,0,0
1605623,546,1,0,0,0,0
1605631,547,1,0,0,0,0
1605639,549,1,0,0,0,0
1605647,541,1,0,0,0,0
1605655,549,1,0,0,0,0
1605663,547,1,0,0,0,0
1606119,50160627,5021000,0,0,100,0
1606423,523,1,0,0,0,0
1606431,524,1,0,0,0,0
1606439,526,1,0,0,0,0
1606447,526,1,0,0,0,0
1606455,530,1,0,0,0,0
1606463,533,1,0,0,0,0
1606471,530,1,0,0,0,0
1606479,528,1,0,0,0,0
1606487,528,1,0,0,0,0
1606495,532,1,0,0,0,0
1606503,536,1,0,0,0,0
1606511,536,1,0,0,0,0
16065555100,5,1,0,0,0,0
1606607,547,1,0,0,0,0
1606615,546,1,0,0,0,0
1606623,554,1,0,0,0,0
