timestamp_ms,value,lead_ok
1161673,514,1
1161677,513,1
1161681,514,1
1161685,513,1
1161689,512,1
1161693,513,1
1161697,514,1
1161701,513,1
1161706,512,1
1161710,513,1
1161714,514,1
1161718,517,1
1161722,516,1
1161726,514,1
1161730,516,1
1161734,518,1
1161738,521,1
1161742,521,1
1161746,519,1
1161750,519,1
1161754,518,1
1161758,521,1
1161762,522,1
1161766,521,1
1161770,521,1
1161774,521,1
1161778,524,1
1161782,526,1
1161786,525,1
1161790,525,1
1161794,524,1
1161798,525,1
1161802,525,1
1161806,524,1
1161810,526,1
1161814,528,1
1161818,529,1
1161822,529,1
1161826,528,1
1161830,528,1
1161834,528,1
1161838,529,1
1161842,529,1
1161846,529,1
1161850,529,1
1161854,529,1
1161858,531,1
1161862,532,1
1161866,531,1
1161870,532,1
1161874,532,1
1161878,533,1
1161882,532,1
1161886,531,1
1161890,532,1
1161894,533,1
1161898,535,1
1161902,535,1
1161906,533,1
1161910,533,1
1161914,532,1
1161918,534,1
1161922,534,1
1161926,533,1
1161930,536,1
1161934,541,1
1161938,544,1
1161942,545,1
1161946,546,1
1161950,547,1
1161954,547,1
1161958,553,1
1161962,564,1
1161966,577,1
1161970,582,1
1161974,583,1
1161978,581,1
1161982,573,1
1161986,562,1
1161990,556,1
1161994,554,1
1161998,549,1
1162002,538,1
1162006,532,1
1162010,528,1
1162014,525,1
1162018,523,1
1162022,519,1
1162026,517,1
1162030,517,1
1162034,518,1
1162038,519,1
1162042,519,1
1162046,517,1
1162050,517,1
1162054,517,1
1162058,517,1
1162062,518,1
1162066,518,1
1162070,519,1
1162074,518,1
1162078,519,1
1162082,519,1
1162086,518,1
1162090,516,1
1162094,496,1
1162098,436,1
1162102,329,1
1162106,233,1
1162110,194,1
1162114,237,1
1162118,402,1
1162122,699,1
1162126,1017,1
1162130,1024,1
1162134,1024,1
1162138,1024,1
1162142,885,1
1162146,650,1
1162150,480,1
1162154,386,1
1162158,362,1
1162162,368,1
1162166,397,1
1162170,447,1
1162174,486,1
1162178,509,1
1162182,513,1
1162186,507,1
1162190,507,1
1162194,506,1
1162198,509,1
1162202,514,1
1162206,518,1
1162210,521,1
1162214,523,1
1162218,526,1
1162222,526,1
1162226,528,1
1162230,530,1
1162234,532,1
1162238,536,1
1162242,541,1
1162246,543,1
1162250,546,1
1162254,549,1
1162258,553,1
1162262,554,1
1162266,554,1
1162270,556,1
1162274,561,1
1162278,568,1
1162282,570,1
1162286,573,1
1162290,577,1
1162294,580,1
1162298,583,1
1162302,589,1
1162306,594,1
1162310,601,1
1162314,607,1
1162318,610,1
1162322,615,1
1162326,614,1
1162330,614,1
1162334,615,1
1162338,618,1
1162342,620,1
1162346,619,1
1162350,617,1
1162354,613,1
1162358,606,1
1162362,600,1
1162366,589,1
1162370,582,1
1162374,577,1
1162378,570,1
1162382,562,1
1162386,552,1
1162390,545,1
1162394,541,1
1162398,538,1
1162402,535,1
1162406,529,1
1162410,522,1
1162414,519,1
1162418,519,1
1162422,517,1
1162426,514,1
1162430,513,1
1162434,513,1
1162438,513,1
1162442,512,1
1162446,509,1
1162450,509,1
1162454,512,1
1162458,513,1
1162462,513,1
1162466,509,1
1162470,508,1
1162474,509,1
1162478,512,1
1162482,513,1
1162486,512,1
1162490,511,1
1162494,512,1
1162498,517,1
1162503,518,1
1162507,514,1
1162511,514,1
1162515,517,1
1162519,522,1
1162523,523,1
1162527,521,1
1162531,521,1
1162535,521,1
1162539,523,1
1162543,522,1
1162547,519,1
1162551,521,1
1162555,522,1
1162559,525,1
1162563,526,1
1162567,526,1
1162571,526,1
1162575,528,1
1162579,532,1
1162583,530,1
1162587,525,1
1162591,525,1
1162595,528,1
1162599,533,1
1162603,534,1
1162607,532,1
1162611,532,1
1162615,533,1
1162619,534,1
1162623,534,1
1162627,533,1
1162631,533,1
1162635,533,1
1162639,536,1
1162643,542,1
1162647,545,1
1162651,545,1
1162655,546,1
1162659,547,1
1162663,549,1
1162667,550,1
1162671,561,1
1162675,576,1
1162679,588,1
1162683,592,1
1162687,592,1
1162691,588,1
1162695,581,1
1162699,577,1
1162703,568,1
1162707,559,1
1162711,552,1
1162715,543,1
1162719,538,1
1162723,533,1
1162727,526,1
1162731,525,1
1163792,600,1
1163796,606,1
1163800,610,1
1163804,614,1
111163792,600,1
1163796,606,1
1163800,610,1
1163804,614,1
111163792,600,1
1163796,606,1
1163800,610,1
1163804,614,1
111163792,600,1
1163796,606,1
1163800,610,1
1163804,614,1
1163808,615,1
1163812,618,1
63808,615,1
1163812,618,1
63808,615,1
1163812,618,1
63808,615,1
1163812,618,1
63808,615,1
1163812,618,1
63808,615,1
1163812,618,1
63808,615,1
1163812,618,1
63808,615,1
1163812,618,1
63808,615,1
1163812,618,1
63808,615,1
1163812,618,1
63808,615,1
1163812,618,1
63808,615,1
1163812,618,1
63808,615,1
1163812,618,1
63808,615,1
1163812,618,1
63808,615,1
1163812,618,1
63808,615,1
1163812,618,1
63808,615,1
1163812,618,1
63808,615,1
1163812,618,1
63808,615,1
1163812,618,1
63808,615,1
1163812,618,1
63808,615,1
1163812,618,1
63808,615,1
1163812,618,1
63808,615,1
1163812,618,1
63808,615,1
1163812,618,1
63808,615,1
1163812,618,1
63808,615,1
1163812,618,1
1163816,620,1
1163816,620,1
1163816,620,1
1163816,620,1
1163816,620,1
1163816,620,1
1163816,620,1
1163816,620,1
1163816,620,1
1163816,620,1
1163816,620,1
1163816,620,1
1163816,620,1
1163816,620,1
1163816,620,1
1163816,620,1
1163816,620,1
1163816,620,1
1163816,620,1
1163816,620,1
1163816,620,1
1163816,620,1
1163816,620,1
1163816,620,1
1163816,620,1
1163816,620,1
1163816,620,1
1163816,620,1
1163816,620,1
1163816,620,1
1163816,620,1
1163816,620,1
1163820,624,1
1163824,625,1
1163828,624,1
1163832,620,1
1163836,619,1
1163840,618,1
1163844,610,1
1163848,604,1
1163852,596,1
1163856,590,1
1163860,582,1
1163864,573,1
1163868,566,1
1163872,558,1
1163876,554,1
1163880,548,1
1163884,541,1
1163888,533,1
1163892,528,1
1163896,525,1
1163900,523,1
1163904,521,1
1163908,518,1
1163912,517,1
1163916,517,1
1163920,518,1
1163924,514,1
1163928,513,1
1163932,514,1
1163936,518,1
1163940,519,1
1163944,517,1
1163948,516,1
1163952,514,1
1163956,514,1
1163960,517,1
1163964,516,1
1163968,514,1
1163972,516,1
1163976,519,1
1163980,522,1
1163984,521,1
1163988,520,1
1163992,521,1
1163996,525,1
1164000,526,1
1164004,525,1
1164008,525,1
1164012,525,1
1164016,525,1
1164020,526,1
1164024,526,1
1164028,526,1
1164032,528,1
1164036,530,1
1164040,532,1
1164044,532,1
1164048,532,1
1164052,533,1
1164056,533,1
1164060,533,1
1164064,531,1
1164068,532,1
1164072,533,1
1164076,533,1
1164080,533,1
1164085,533,1
1164089,533,1
1164093,534,1
1164097,536,1
1164101,538,1
1164105,536,1
1164109,534,1
1164113,534,1
1164117,535,1
1164121,537,1
1164125,535,1
1164129,534,1
1164133,535,1
1164137,535,1
1164141,535,1
1164145,534,1
1164149,533,1
1164153,534,1
1164157,536,1
1164161,535,1
1164165,533,1
1164169,532,1
1164173,534,1
1164177,536,1
1164181,538,1
1164185,536,1
1164189,535,1
1164193,536,1
1164197,540,1
1164201,542,1
1164205,538,1
1164209,535,1
1164213,536,1
1164217,541,1
1164221,542,1
1164225,543,1
1164229,547,1
1164233,552,1
1164237,552,1
1164241,553,1
1164245,554,1
1164249,554,1
1164253,556,1
1164257,568,1
1164261,582,1
1164265,588,1
1164269,586,1
1164273,582,1
1164277,579,1
1164281,571,1
1164285,560,1
1164289,553,1
1164293,547,1
1164297,542,1
1164301,541,1
1164305,535,1
1164309,529,1
1164313,524,1
1164317,522,1
1164321,521,1
1164325,518,1
1164329,518,1
1164333,518,1
1164337,521,1
1164341,523,1
1164345,522,1
1164349,522,1
1164353,523,1
1164357,525,1
1164361,526,1
1164365,522,1
1164369,522,1
1164373,522,1
1164377,523,1
1164381,526,1
1164385,519,1
1164389,499,1
1164393,442,1
1164397,341,1
1164401,242,1
1164405,189,1
1164409,216,1
1164413,357,1
1164417,644,1
1164421,979,1
1164425,1024,1
1164429,1024,1
1164433,1024,1
1164437,961,1
1164441,737,1
1164445,514,1
1164449,380,1
1164453,355,1
1164457,375,1
1164461,416,1
1164465,463,1
1164469,494,1
1164473,513,1
1164477,519,1
1164481,519,1
1164485,513,1
1164489,507,1
1164493,508,1
1164497,513,1
1164501,518,1
1164505,519,1
1164509,522,1
1164513,525,1
1164517,529,1
1164521,532,1
1164525,531,1
1164529,532,1
1164533,533,1
1164537,536,1
1164541,541,1
1164545,542,1
1164549,542,1
1164553,545,1
1164557,550,1
1164561,555,1
1164565,557,1
1164569,560,1
1164573,562,1
1164577,569,1
1164581,577,1
1164585,579,1
1164589,580,1
1164593,584,1
1164597,589,1
1164601,595,1
1164605,598,1
1164609,604,1
1164613,608,1
1164617,615,1
1164621,618,1
1164625,616,1
1164629,618,1
1164633,619,1
1164637,622,1
1164641,621,1
1164645,616,1
1164649,614,1
1164653,609,1
1164657,607,1
1164661,601,1
1164665,591,1
1164669,581,1
1164673,572,1
1164677,566,1
1164681,560,1
1164685,554,1
1164689,546,1
1164693,538,1
1164697,531,1
1164701,526,1
1164705,522,1
1164709,519,1
1164713,516,1
1164717,514,1
1164721,513,1
1164725,509,1
1164729,508,1
1164733,508,1
1164737,509,1
1164741,508,1
1164745,507,1
1164749,506,1
1164753,506,1
1164757,508,1
1164761,509,1
1164765,509,1
1164769,508,1
1164773,509,1
1164777,509,1
1164781,508,1
1164785,506,1
1164789,505,1
1164793,507,1
1164797,513,1
1164801,517,1
1164805,514,1
1164809,512,1
1164813,511,1
1164817,513,1
1164821,516,1
1164825,517,1
1164829,518,1
1164833,518,1
1164837,518,1
1164841,518,1
1164845,518,1
1164849,521,1
1164853,525,1
1164857,526,1
1164861,526,1
1164865,524,1
1164869,523,1
1164873,525,1
1164877,528,1
1164882,529,1
1164886,528,1
1164890,526,1
1164894,526,1
1164898,528,1
1164902,529,1
1164906,528,1
1164910,526,1
1164914,528,1
1164918,530,1
1164922,529,1
1164926,526,1
1164930,526,1
1164934,523,1
1164938,523,1
1164942,526,1
1164946,526,1
1164950,526,1
1164954,526,1
1164958,528,1
1164962,529,1
1164966,528,1
1164970,526,1
1164974,528,1
1164978,528,1
1164982,531,1
1164986,533,1
1164990,537,1
1164994,542,1
1164998,546,1
1165002,552,1
1165006,550,1
1165010,547,1
1165014,555,1
1165018,572,1
1165022,584,1
1165026,584,1
1165030,581,1
1165034,578,1
1165038,573,1
1165042,567,1
1165046,557,1
1165050,553,1
1165054,546,1
1165058,542,1
1165062,538,1
1165066,532,1
1165070,524,1
1165074,523,1
1165078,523,1
1165082,522,1
1165086,521,1
1165090,522,1
1165094,523,1
1165098,525,1
1165102,525,1
1165106,523,1
1165110,522,1
1165114,524,1
1165118,528,1
1165122,531,1
1165126,529,1
1165130,526,1
1165134,525,1
1165138,528,1
1165142,531,1
1165146,523,1
1165150,494,1
1165154,424,1
1165158,318,1
1165162,236,1
1165166,213,1
1165170,281,1
1165174,482,1
1165178,789,1
1165182,1024,1
1165186,1024,1
1165190,1024,1
1165194,1024,1
1165198,874,1
1165202,642,1
1165206,488,1
1165210,404,1
1165214,376,1
1165218,382,1
1165222,410,1
1165226,452,1
1165230,488,1
1165234,513,1
1165238,523,1
1165242,523,1
1165246,523,1
1165250,524,1
1165254,526,1
1165258,530,1
1165262,534,1
1165266,535,1
1165270,538,1
1165274,543,1
1165278,546,1
1165282,549,1
1165286,549,1
1165290,552,1
1165294,554,1
1165298,559,1
1165302,562,1
1165306,562,1
1165310,562,1
1165314,566,1
1165318,571,1
1165322,577,1
1165326,578,1
1165330,580,1
1165334,582,1
1165338,588,1
1165342,591,1
1165346,594,1
1165350,598,1
1165354,604,1
1165358,609,1
1165362,615,1
1165366,618,1
1165370,622,1
1165374,626,1
1165378,631,1
1165382,634,1
1165386,634,1
1165390,634,1
1165394,634,1
1165398,634,1
1165402,633,1
1165406,628,1
1165410,626,1
1165414,622,1
1165418,619,1
1165422,614,1
1165426,605,1
1165430,595,1
1165434,586,1
1165438,580,1
1165442,574,1
1165446,567,1
1165450,559,1
1165454,553,1
1165458,549,1
1165462,546,1
1165466,542,1
1165470,538,1
1165474,538,1
1165478,538,1
1165482,537,1
1165486,534,1
1165490,534,1
1165494,533,1
1165498,535,1
1165502,536,1
1165506,535,1
1165510,535,1
1165514,534,1
1165518,534,1
1165522,535,1
1165526,535,1
1165530,535,1
1165534,536,1
1165538,538,1
1165542,538,1
1165546,535,1
1165550,536,1
1165554,538,1
1165558,542,1
1165562,542,1
1165566,540,1
1165570,538,1
1165574,540,1
1165578,542,1
1165582,543,1
1165586,541,1
1165590,541,1
1165594,542,1
1165598,545,1
1165602,545,1
1165606,544,1
1165610,544,1
1165614,545,1
1165618,546,1
1165622,546,1
1165626,543,1
1165630,543,1
1165634,545,1
1165638,546,1
1165642,547,1
1165646,544,1
1165650,543,1
1165654,545,1
1165658,547,1
1165662,549,1
1165666,546,1
1165670,547,1
1165674,548,1
1165679,550,1
1165683,550,1
1165687,547,1
1165691,545,1
1165695,545,1
1165699,546,1
1165703,549,1
1165707,548,1
1165711,549,1
1165715,550,1
1165719,552,1
1165723,553,1
1165727,550,1
1165731,550,1
1165735,552,1
1165739,554,1
1165743,553,1
1165747,549,1
1165751,549,1
1165755,552,1
1165759,554,1
1165763,555,1
1165767,554,1
1165771,552,1
1165775,552,1
1165779,553,1
1165783,553,1
1165787,553,1
1165791,557,1
1165795,562,1
1165799,567,1
1165803,569,1
1165807,568,1
1165811,568,1
1165815,569,1
1165819,578,1
1165823,593,1
1165827,602,1
1165831,605,1
1165835,605,1
1165839,602,1
1165843,595,1
1165847,584,1
1165851,576,1
1165855,570,1
1165859,567,1
1165863,560,1
1165867,553,1
1165871,547,1
1165875,544,1
1165879,542,1
1165883,541,1
1165887,536,1
1165891,538,1
1165895,542,1
1165899,542,1
1165903,540,1
1165907,534,1
1165911,534,1
1165915,536,1
1165919,538,1
1165923,541,1
1165927,538,1
1165931,536,1
1165935,535,1
1165939,538,1
1165943,540,1
1165947,536,1
1165951,528,1
1165955,494,1
1165959,408,1
1165963,295,1
1165967,210,1
1165971,195,1
1165975,273,1
1165979,502,1
1165983,833,1
1165987,1024,1
1165991,1024,1
1165995,1024,1
1165999,1024,1
1166003,926,1
1166007,674,1
1166011,456,1
1166015,369,1
1166019,382,1
1166023,426,1
1166027,470,1
1166031,499,1
1166035,518,1
1166039,528,1
1166043,530,1
1166047,525,1
1166051,518,1
1166055,517,1
1166059,521,1
1166063,524,1
1166067,525,1
1166071,525,1
1166075,528,1
1166079,533,1
1166083,536,1
1166087,536,1
1166091,538,1
1166095,542,1
1166099,545,1
1166103,549,1
1166107,550,1
1166111,553,1
1166115,555,1
1166119,559,1
1166123,561,1
1166127,561,1
1166131,561,1
1166135,567,1
1166139,572,1
1166143,578,1
1166147,579,1
1166151,582,1
1166155,586,1
1166159,594,1
1166163,598,1
1166167,602,1
1166171,606,1
1166175,610,1
1166179,617,1
1166183,620,1
1166187,620,1
1166191,622,1
1166195,622,1
1166199,624,1
1166203,622,1
1166207,619,1
1166211,618,1
1166215,618,1
1166219,614,1
1166223,606,1
1166227,596,1
1166231,588,1
1166235,579,1
1166239,570,1
1166243,561,1
1166247,553,1
1166251,545,1
1166255,541,1
1166259,536,1
1166263,532,1
1166267,524,1
1166271,519,1
1166275,518,1
1166279,519,1
1166283,519,1
1166287,514,1
1166291,513,1
1166295,513,1
1166299,514,1
1166303,514,1
1166307,513,1
1166311,512,1
1166315,512,1
1166319,513,1
1166323,513,1
1166327,513,1
1166331,514,1
1166335,516,1
1166339,517,1
1166343,518,1
1166347,517,1
1166351,517,1
1166355,519,1
1166359,522,1
1166363,522,1
1166367,519,1
1166371,518,1
1166375,519,1
1166379,523,1
1166383,523,1
1166387,521,1
1166391,521,1
1166395,523,1
1166399,528,1
1166403,528,1
1166407,524,1
1166411,523,1
1166415,525,1
1166419,528,1
1166423,529,1
1166427,526,1
1166431,526,1
1166435,528,1
1166439,530,1
1166443,529,1
1166447,529,1
1166451,531,1
1166455,532,1
1166459,533,1
1166463,533,1
1166468,531,1
1166472,529,1
1166476,529,1
1166480,531,1
1166484,532,1
1166488,531,1
1166492,532,1
1166496,532,1
1166500,533,1
1166504,533,1
1166508,531,1
1166512,530,1
1166516,533,1
1166520,536,1
1166524,535,1
1166528,534,1
1166532,533,1
1166536,534,1
1166540,534,1
1166544,534,1
1166548,533,1
1166552,533,1
1166556,532,1
1166560,535,1
1166564,536,1
1166568,535,1
1166572,534,1
1166576,535,1
1166580,536,1
1166584,536,1
1166588,535,1
1166592,535,1
1166596,536,1
1166600,541,1
1166604,542,1
1166608,541,1
1166612,540,1
1166616,541,1
1166620,542,1
1166624,542,1
1166628,537,1
1166632,538,1
1166636,543,1
1166640,550,1
1166644,553,1
1166648,553,1
1166652,555,1
1166656,555,1
1166660,556,1
1166664,557,1
1166668,567,1
1166672,581,1
1166676,590,1
1166680,592,1
1166684,590,1
1166688,582,1
1166692,572,1
1166696,566,1
1166700,561,1
1166704,555,1
1166708,546,1
1166712,545,1
1166716,543,1
1166720,538,1
1166724,533,1
1166728,526,1
1166732,525,1
1166736,525,1
1166740,526,1
1166744,526,1
1166748,523,1
1166752,522,1
1166756,522,1
1166760,524,1
1166764,525,1
1166768,524,1
1166772,526,1
1166776,526,1
1166780,531,1
1166784,531,1
1166788,528,1
1166792,528,1
1166796,524,1
1166800,514,1
1166804,470,1
1166808,376,1
1166812,265,1
1166816,197,1
1166820,199,1
1166824,297,1
1166828,540,1
1166832,870,1
1166836,1024,1
1166840,1024,1
1166844,1024,1
1166848,1020,1
1166852,828,1
1166856,589,1
1166860,410,1
1166864,357,1
1166868,375,1
1166872,413,1
1166876,462,1
1166880,496,1
1166884,516,1
1166888,519,1
1166892,517,1
1166896,514,1
1166900,509,1
1166904,508,1
1166908,508,1
1166912,512,1
1166916,518,1
1166920,523,1
1166924,525,1
1166928,524,1
1166932,526,1
1166936,529,1
1166940,532,1
1166944,534,1
1166948,535,1
1166952,536,1
1166956,540,1
1166960,545,1
1166964,546,1
1166968,545,1
1166972,546,1
1166976,549,1
1166980,555,1
1166984,561,1
1166988,564,1
1166992,567,1
1166996,571,1
1167000,578,1
1167004,582,1
1167008,584,1
1167012,588,1
1167016,592,1
1167020,598,1
1167024,604,1
1167028,607,1
1167032,610,1
1167036,616,1
1167040,619,1
1167044,619,1
1167048,618,1
1167052,617,1
1167056,617,1
1167060,616,1
1167064,610,1
1167068,606,1
1167072,601,1
1167076,592,1
1167080,586,1
1167084,578,1
1167088,569,1
1167092,561,1
1167096,553,1
1167100,545,1
1167104,538,1
1167108,532,1
1167112,526,1
1167116,522,1
1167120,519,1
1167124,514,1
1167128,509,1
1167132,507,1
1167136,507,1
1167140,508,1
1167144,509,1
1167148,507,1
1167152,505,1
1167156,502,1
1167160,505,1
1167164,504,1
1167168,504,1
1167172,506,1
1167176,508,1
1167180,508,1
1167184,506,1
1167188,504,1
1167192,506,1
1167196,508,1
1167200,513,1
1167204,512,1
1167208,508,1
1167212,508,1
1167216,511,1
1167220,513,1
1167224,512,1
1167228,510,1
1167232,512,1
1167236,516,1
1167240,519,1
1167244,518,1
1167249,516,1
1167253,514,1
1167257,516,1
1167261,519,1
1167265,519,1
1167269,516,1
1167273,514,1
1167277,519,1
1167281,522,1
1167285,522,1
1167289,521,1
1167293,519,1
1167297,522,1
1167301,525,1
1167305,523,1
1167309,522,1
1167313,521,1
1167317,521,1
1167321,522,1
1167325,522,1
1167329,520,1
1167333,521,1
1167337,524,1
1167341,526,1
1167345,524,1
1167349,521,1
1167353,519,1
1167357,521,1
1167361,525,1
1167365,525,1
1167369,523,1
1167373,523,1
1167377,526,1
1167381,531,1
1167385,529,1
1167389,526,1
1167393,528,1
1167397,531,1
1167401,532,1
1167405,531,1
1167409,526,1
1167413,526,1
1167417,526,1
1167421,530,1
1167425,532,1
1167429,536,1
1167433,543,1
1167437,543,1
1167441,542,1
1167445,542,1
1167449,543,1
1167453,546,1
1167457,553,1
1167461,564,1
1167465,573,1
1167469,579,1
1167473,581,1
1167477,580,1
1167481,578,1
1167485,570,1
1167489,562,1
1167493,556,1
1167497,552,1
1167501,543,1
1167505,534,1
1167509,526,1
1167513,525,1
1167517,526,1
1167521,529,1
1167525,524,1
1167529,519,1
1167533,518,1
1167537,519,1
1167541,521,1
1167545,521,1
1167549,519,1
1167553,521,1
1167557,521,1
1167561,519,1
1167565,517,1
1167569,513,1
1167573,517,1
1167577,523,1
1167581,526,1
1167585,523,1
1167589,519,1
1167593,516,1
1167597,494,1
1167601,435,1
1167605,329,1
1167609,235,1
1167613,200,1
1167617,249,1
1167621,426,1
1167625,716,1
1167629,1022,1
1167633,1024,1
1167637,1024,1
1167641,1024,1
1167645,885,1
1167649,656,1
1167653,497,1
1167657,414,1
1167661,374,1
1167665,367,1
1167669,386,1
1167673,429,1
1167677,471,1
1167681,499,1
1167685,508,1
1167689,507,1
1167693,509,1
1167697,514,1
1167701,518,1
1167705,521,1
1167709,522,1
1167713,524,1
1167717,529,1
1167721,535,1
1167725,538,1
1167729,536,1
1167733,541,1
1167737,545,1
1167741,549,1
1167745,550,1
1167749,552,1
1167753,554,1
1167757,556,1
1167761,561,1
1167765,566,1
1167769,568,1
1167773,570,1
1167777,577,1
1167781,580,1
1167785,581,1
1167789,582,1
1167793,585,1
1167797,590,1
1167801,598,1
1167805,605,1
1167809,606,1
1167813,609,1
1167817,614,1
1167821,619,1
1167825,624,1
1167829,626,1
1167833,629,1
1167837,633,1
1167841,636,1
1167845,633,1
1167849,630,1
1167853,630,1
1167857,630,1
1167861,628,1
1167865,620,1
1167869,609,1
1167873,603,1
1167877,597,1
1167881,592,1
1167885,582,1
1167889,573,1
1167893,568,1
1167897,562,1
1167901,556,1
1167905,549,1
1167909,543,1
1167913,541,1
1167917,540,1
1167921,538,1
1167925,534,1
1167929,531,1
1167933,529,1
1167937,529,1
1167941,533,1
1167945,533,1
1167949,529,1
1167953,528,1
1167957,529,1
1167961,533,1
1167965,533,1
1167969,532,1
1167973,531,1
1167977,533,1
1167981,536,1
1167985,535,1
1167989,533,1
1167993,533,1
1167997,535,1
1168001,538,1
1168005,537,1
1168009,536,1
1168013,538,1
1168017,541,1
1168021,543,1
1168025,541,1
1168029,536,1
1168034,536,1
1168038,540,1
1168042,542,1
1168046,545,1
1168050,545,1
1168054,545,1
1168058,544,1
1168062,545,1
1168066,545,1
1168070,543,1
1168074,544,1
1168078,546,1
1168082,549,1
1168086,549,1
1168090,545,1
1168094,545,1
1168098,545,1
1168102,547,1
1168106,547,1
1168110,546,1
1168114,547,1
1168118,547,1
1168122,549,1
1168126,547,1
1168130,546,1
1168134,547,1
1168138,550,1
1168142,553,1
1168146,552,1
1168150,549,1
1168154,549,1
1168158,549,1
1168162,552,1
1168166,552,1
1168170,554,1
1168174,560,1
1168178,568,1
1168182,570,1
1168186,569,1
1168190,566,1
1168194,566,1
1168198,570,1
1168202,585,1
1168206,598,1
1168210,607,1
1168214,609,1
1168218,610,1
1168222,605,1
1168226,596,1
1168230,586,1
1168234,579,1
1168238,573,1
1168242,567,1
1168246,556,1
1168250,548,1
1168254,544,1
1168258,543,1
1168262,543,1
1168266,541,1
1168270,536,1
1168274,536,1
1168278,538,1
1168282,541,1
1168286,537,1
1168290,535,1
1168294,535,1
1168298,536,1
1168302,538,1
1168306,535,1
1168310,533,1
1168314,535,1
1168318,538,1
1168322,542,1
1168326,541,1
1168330,538,1
1168334,536,1
1168338,531,1
1168342,502,1
1168346,424,1
1168350,305,1
1168354,218,1
1168358,199,1
1168362,272,1
1168366,476,1
1168370,792,1
1168374,1024,1
1168378,1024,1
1168382,1024,1
1168386,1024,1
1168390,960,1
1168394,721,1
1168398,498,1
1168402,391,1
1168406,381,1
1168410,403,1
1168414,449,1
1168418,487,1
1168422,516,1
1168426,532,1
1168430,535,1
1168434,534,1
1168438,528,1
1168442,526,1
1168446,529,1
1168450,533,1
1168454,536,1
1168458,541,1
1168462,543,1
1168466,543,1
1168470,545,1
1168474,546,1
1168478,549,1
1168482,554,1
1168486,554,1
1168490,554,1
1168494,556,1
1168498,561,1
1168502,567,1
1168506,569,1
1168510,570,1
1168514,571,1
1168518,574,1
1168522,580,1
1168526,582,1
1168530,585,1
1168534,589,1
1168538,594,1
1168542,600,1
1168546,605,1
1168550,608,1
1168554,615,1
1168558,619,1
1168562,624,1
1168566,625,1
1168570,626,1
1168574,629,1
1168578,632,1
1168582,633,1
1168586,632,1
1168590,628,1
1168594,628,1
1168598,628,1
1168602,626,1
1168606,619,1
1168610,613,1
1168614,605,1
1168618,596,1
1168622,588,1
1168626,580,1
1168630,570,1
1168634,564,1
1168638,557,1
1168642,554,1
1168646,546,1
1168650,541,1
1168654,535,1
1168658,533,1
1168662,532,1
1168666,528,1
1168670,523,1
1168674,522,1
1168678,523,1
1168682,525,1
1168686,525,1
1168690,525,1
1168694,523,1
1168698,525,1
1168702,526,1
1168706,525,1
1168710,523,1
1168714,523,1
1168718,525,1
1168722,528,1
1168726,525,1
1168730,523,1
1168734,523,1
1168738,526,1
1168742,529,1
1168746,529,1
1168750,528,1
1168754,528,1
1168758,531,1
1168762,533,1
1168766,533,1
1168770,531,1
1168774,530,1
1168778,531,1
1168782,532,1
1168786,532,1
1168790,532,1
1168794,533,1
1168798,533,1
1168802,534,1
1168806,532,1
1168810,530,1
1168814,529,1
1168818,532,1
1168822,533,1
1168826,534,1
1168831,533,1
1168835,533,1
1168839,533,1
1168843,534,1
1168847,533,1
1168851,533,1
1168855,535,1
1168859,536,1
1168863,536,1
1168867,535,1
1168871,533,1
1168875,533,1
1168879,535,1
1168883,537,1
1168887,536,1
1168891,535,1
1168895,535,1
1168899,536,1
1168903,537,1
1168907,535,1
1168911,535,1
1168915,536,1
1168919,536,1
1168923,538,1
1168927,536,1
1168931,536,1
1168935,537,1
1168939,538,1
1168943,541,1
1168947,541,1
1168951,538,1
1168955,537,1
1168959,538,1
1168963,541,1
1168967,540,1
1168971,538,1
1168975,541,1
1168979,546,1
1168983,554,1
1168987,555,1
1168991,554,1
1168995,553,1
1168999,555,1
1169003,560,1
1169007,568,1
1169011,580,1
1169015,588,1
1169019,593,1
1169023,596,1
1169027,592,1
1169031,582,1
1169035,576,1
1169039,569,1
1169043,566,1
1169047,556,1
1169051,546,1
1169055,541,1
1169059,535,1
1169063,533,1
1169067,526,1
1169071,522,1
1169075,521,1
1169079,522,1
1169083,525,1
1169087,525,1
1169091,522,1
1169095,521,1
1169099,521,1
1169103,523,1
1169107,522,1
1169111,521,1
1169115,521,1
1169119,522,1
1169123,525,1
1169127,526,1
1169131,523,1
1169135,525,1
1169139,525,1
1169143,514,1
1169147,465,1
1169151,366,1
1169155,255,1
1169159,192,1
1169163,199,1
1169167,307,1
1169171,560,1
1169175,895,1
1169179,1024,1
1169183,1024,1
1169187,1024,1
1169191,1024,1
1169195,849,1
1169199,601,1
1169203,414,1
1169207,363,1
1169211,380,1
1169215,427,1
1169219,472,1
1169223,502,1
1169227,519,1
1169231,523,1
1169235,522,1
1169239,518,1
1169243,513,1
1169247,512,1
1169251,514,1
1169255,519,1
1169259,523,1
1169263,526,1
1169267,528,1
1169271,528,1
1169275,530,1
1169279,532,1
1169283,535,1
1169287,537,1
1169291,538,1
1169295,542,1
1169299,545,1
1169303,549,1
1169307,552,1
1169311,553,1
1169315,555,1
1169319,560,1
1169323,566,1
1169327,567,1
1169331,568,1
1169335,572,1
1169339,578,1
1169343,582,1
1169347,585,1
1169351,588,1
1169355,591,1
1169359,596,1
1169363,604,1
1169367,606,1
1169371,607,1
1169375,609,1
1169379,614,1
1169383,615,1
1169387,615,1
1169391,614,1
1169395,614,1
1169399,615,1
1169403,615,1
1169407,610,1
1169411,604,1
1169415,596,1
1169419,589,1
1169423,582,1
1169427,572,1
1169431,561,1
1169435,555,1
1169439,552,1
1169443,547,1
1169447,542,1
1169451,534,1
1169455,529,1
1169459,525,1
1169463,523,1
1169467,519,1
1169471,516,1
1169475,514,1
1169479,514,1
1169483,516,1
1169487,513,1
1169491,512,1
1169495,511,1
1169499,512,1
1169503,513,1
1169507,513,1
1169511,514,1
1169515,516,1
1169519,518,1
1169523,518,1
1169527,516,1
1169531,514,1
1169535,513,1
1169539,514,1
1169543,516,1
1169547,514,1
1169551,516,1
1169555,516,1
1169559,517,1
1169563,521,1
1169567,522,1
1169571,521,1
1169575,522,1
1169579,523,1
1169583,525,1
1169587,522,1
1169591,519,1
1169595,520,1
1169599,522,1
1169603,525,1
1169607,524,1
1169611,523,1
1169615,522,1
1169619,525,1
1169624,526,1
1169628,525,1
1169632,523,1
1169636,524,1
1169640,525,1
1169644,526,1
1169648,524,1
1169652,522,1
1169656,522,1
1169660,523,1
1169664,526,1
1169668,526,1
1169672,525,1
1169676,526,1
1169680,528,1
1169684,529,1
1169688,528,1
1169692,526,1
1169696,526,1
1169700,526,1
1169704,528,1
1169708,526,1
1169712,526,1
1169716,528,1
1169720,529,1
1169724,532,1
1169728,530,1
1169732,529,1
1169736,529,1
1169740,531,1
1169744,532,1
1169748,532,1
1169752,531,1
1169756,529,1
1169760,531,1
1169764,534,1
1169768,535,1
1169772,535,1
1169776,538,1
1169780,542,1
1169784,545,1
1169788,543,1
1169792,542,1
1169796,545,1
1169800,550,1
1169804,562,1
1169808,572,1
1169812,580,1
1169816,585,1
1169820,588,1
1169824,583,1
1169828,577,1
1169832,568,1
1169836,562,1
1169840,557,1
1169844,550,1
1169848,537,1
1169852,531,1
1169856,526,1
1169860,522,1
1169864,521,1
1169868,517,1
1169872,517,1
1169876,517,1
1169880,518,1
1169884,518,1
1169888,517,1
1169892,514,1
1169896,517,1
1169900,519,1
1169904,522,1
1169908,522,1
1169912,521,1
1169916,521,1
1169920,520,1
1169924,519,1
1169928,519,1
1169932,518,1
1169936,517,1
1169940,507,1
1169944,463,1
1169948,368,1
1169952,262,1
1169956,200,1
1169960,209,1
1169964,319,1
1169968,568,1
1169972,894,1
1169976,1024,1
1169980,1024,1
1169984,1024,1
1169988,976,1
1169992,764,1
1169996,545,1
1170000,416,1
1170004,363,1
1170008,361,1
1170012,379,1
1170016,423,1
1170020,469,1
1170024,499,1
1170028,508,1
1170032,506,1
1170036,507,1
1170040,510,1
1170044,513,1
1170048,512,1
1170052,514,1
1170056,518,1
1170060,523,1
1170064,528,1
1170068,529,1
1170072,528,1
1170076,528,1
1170080,533,1
1170084,540,1
1170088,542,1
1170092,543,1
1170096,543,1
1170100,545,1
1170104,547,1
1170108,549,1
1170112,553,1
1170116,556,1
1170120,560,1
1170124,564,1
1170128,567,1
1170132,569,1
1170136,572,1
1170140,581,1
1170144,588,1
1170148,590,1
1170152,596,1
1170156,601,1
1170160,607,1
1170164,614,1
1170168,615,1
1170172,616,1
1170176,619,1
1170180,620,1
1170184,619,1
1170188,619,1
1170192,620,1
1170196,622,1
1170200,619,1
1170204,615,1
1170208,607,1
1170212,600,1
1170216,594,1
1170220,586,1
1170224,577,1
1170228,567,1
1170232,558,1
1170236,553,1
1170240,549,1
1170244,545,1
1170248,536,1
1170252,528,1
1170256,521,1
1170260,519,1
1170264,518,1
1170268,513,1
1170272,512,1
1170276,513,1
1170280,516,1
1170284,516,1
1170288,513,1
1170292,510,1
1170296,512,1
1170300,513,1
1170304,514,1
1170308,512,1
1170312,509,1
1170316,509,1
1170320,513,1
1170324,516,1
1170328,514,1
1170332,513,1
1170336,513,1
1170340,514,1
1170344,516,1
1170348,514,1
1170352,514,1
1170356,518,1
1170360,521,1
1170364,524,1
1170368,522,1
1170372,521,1
1170376,522,1
1170380,525,1
1170384,528,1
1170388,528,1
1170392,528,1
1170396,528,1
1170400,529,1
1170404,532,1
1170408,532,1
1170412,528,1
1170417,528,1
1170421,529,1
1170425,532,1
1170429,531,1
1170433,530,1
1170437,530,1
1170441,532,1
1170445,534,1
1170449,536,1
1170453,536,1
1170457,535,1
1170461,536,1
1170465,538,1
1170469,536,1
1170473,535,1
1170477,535,1
1170481,538,1
1170485,542,1
1170489,541,1
1170493,540,1
1170497,541,1
1170501,542,1
1170505,545,1
1170509,546,1
1170513,549,1
1170517,555,1
1170521,559,1
1170525,561,1
1170529,560,1
1170533,560,1
1170537,562,1
1170541,576,1
1170545,592,1
1170549,600,1
1170553,602,1
1170557,601,1
1170561,596,1
1170565,594,1
1170569,588,1
1170573,580,1
1170577,570,1
1170581,564,1
1170585,556,1
1170589,550,1
1170593,543,1
1170597,536,1
1170601,534,1
1170605,534,1
1170609,533,1
1170613,533,1
1170617,534,1
1170621,535,1
1170625,535,1
1170629,532,1
1170633,531,1
1170637,532,1
1170641,534,1
1170645,535,1
1170649,533,1
1170653,532,1
1170657,533,1
1170661,535,1
1170665,540,1
1170669,538,1
1170673,536,1
1170677,529,1
1170681,504,1
1170685,440,1
1170689,333,1
1170693,242,1
1170697,210,1
1170701,262,1
1170705,437,1
1170709,729,1
1170713,1024,1
1170717,1024,1
1170721,1024,1
1170725,1024,1
1170729,957,1
1170733,720,1
1170737,517,1
1170741,404,1
1170745,376,1
1170749,386,1
1170753,413,1
1170757,460,1
1170761,497,1
1170765,519,1
1170769,525,1
1170773,526,1
1170777,528,1
1170781,526,1
1170785,528,1
1170789,528,1
1170793,531,1
1170797,536,1
1170801,542,1
1170805,543,1
1170809,542,1
1170813,545,1
1170817,552,1
1170821,555,1
1170825,559,1
1170829,559,1
1170833,561,1
1170837,566,1
1170841,570,1
1170845,574,1
1170849,576,1
1170853,576,1
1170857,580,1
1170861,585,1
1170865,590,1
1170869,591,1
1170873,592,1
1170877,597,1
1170881,604,1
1170885,609,1
1170889,612,1
1170893,614,1
1170897,618,1
1170901,624,1
1170905,629,1
1170909,630,1
1170913,630,1
1170917,632,1
1170921,634,1
1170925,634,1
1170929,633,1
1170933,629,1
1170937,628,1
1170941,629,1
1170945,628,1
1170949,619,1
1170953,608,1
1170957,603,1
1170961,596,1
1170965,590,1
1170969,581,1
1170973,570,1
1170977,566,1
1170981,562,1
1170985,560,1
1170989,553,1
1170993,546,1
1170997,542,1
1171001,541,1
1171005,540,1
1171009,535,1
1171013,534,1
1171017,534,1
1171021,536,1
1171025,537,1
1171029,535,1
1171033,534,1
1171037,535,1
1171041,536,1
1171045,536,1
1171049,533,1
1171053,533,1
1171057,535,1
1171061,536,1
1171065,538,1
1171069,535,1
1171073,534,1
1171077,535,1
1171081,538,1
1171085,541,1
1171089,538,1
1171093,537,1
1171097,540,1
1171101,542,1
1171105,543,1
1171109,541,1
1171113,541,1
1171117,541,1
1171121,542,1
1171125,545,1
1171129,545,1
1171133,543,1
1171137,542,1
1171141,543,1
1171145,545,1
1171149,544,1
1171153,544,1
1171157,545,1
1171161,547,1
1171165,547,1
1171169,545,1
1171173,544,1
1171177,545,1
1171181,547,1
1171185,547,1
1171189,545,1
1171193,543,1
1171197,544,1
1171201,546,1
1171205,547,1
1171210,544,1
1171214,542,1
1171218,542,1
1171222,543,1
1171226,545,1
1171230,545,1
1171234,545,1
1171238,544,1
1171242,545,1
1171246,546,1
1171250,545,1
1171254,542,1
1171258,543,1
1171262,545,1
1171266,547,1
1171270,546,1
1171274,545,1
1171278,545,1
1171282,547,1
1171286,549,1
1171290,549,1
1171294,553,1
1171298,558,1
1171302,561,1
1171306,561,1
1171310,560,1
1171314,561,1
1171318,566,1
1171322,576,1
1171326,589,1
1171330,596,1
1171334,598,1
1171338,598,1
1171342,594,1
1171346,588,1
1171350,579,1
1171354,569,1
1171358,564,1
1171362,556,1
1171366,547,1
1171370,541,1
1171374,535,1
1171378,531,1
1171382,528,1
1171386,528,1
1171390,526,1
1171394,525,1
1171398,525,1
1171402,525,1
1171406,526,1
1171410,525,1
1171414,523,1
1171418,523,1
1171422,525,1
1171426,528,1
1171430,526,1
1171434,526,1
1171438,528,1
1171442,529,1
1171446,529,1
1171450,525,1
1171454,522,1
1171458,508,1
1171462,460,1
1171466,357,1
1171470,245,1
1171474,184,1
1171478,200,1
1171482,327,1
1171486,598,1
1171490,932,1
1171494,1024,1
1171498,1024,1
1171502,1024,1
1171506,1024,1
1171510,834,1
1171514,580,1
1171518,400,1
1171522,361,1
1171526,386,1
1171530,434,1
1171534,475,1
1171538,501,1
1171542,519,1
1171546,523,1
1171550,519,1
1171554,513,1
1171558,508,1
1171562,511,1
1171566,516,1
1171570,518,1
1171574,521,1
1171578,523,1
1171582,526,1
1171586,528,1
1171590,529,1
1171594,532,1
1171598,536,1
1171602,541,1
1171606,543,1
1171610,543,1
1171614,543,1
1171618,546,1
1171622,552,1
1171626,553,1
1171630,553,1
1171634,554,1
1171638,560,1
1171642,568,1
1171646,572,1
1171650,573,1
1171654,576,1
1171658,579,1
1171662,585,1
1171666,592,1
1171670,596,1
1171674,600,1
1171678,604,1
1171682,608,1
1171686,614,1
1171690,615,1
1171694,616,1
1171698,618,1
1171702,620,1
1171706,622,1
1171710,618,1
1171714,614,1
1171718,610,1
1171722,607,1
1171726,603,1
1171730,595,1
1171734,586,1
1171738,578,1
1171742,571,1
1171746,567,1
1171750,556,1
1171754,547,1
1171758,542,1
1171762,537,1
1171766,533,1
1171770,526,1
1171774,521,1
1171778,519,1
1171782,518,1
1171786,518,1
1171790,516,1
1171794,513,1
1171798,512,1
1171802,512,1
1171806,513,1
1171810,513,1
1171814,513,1
1171818,513,1
1171822,513,1
1171826,514,1
1171830,513,1
1171834,513,1
1171838,514,1
1171842,514,1
1171846,517,1
1171850,516,1
1171854,516,1
1171858,516,1
1171862,517,1
1171866,519,1
1171870,517,1
1171874,516,1
1171878,517,1
1171882,519,1
1171886,519,1
1171890,519,1
1171894,519,1
1171898,521,1
1171902,521,1
1171906,522,1
1171910,521,1
1171914,520,1
1171918,521,1
1171922,523,1
1171926,523,1
1171930,523,1
1171934,522,1
1171938,523,1
1171942,526,1
1171946,529,1
1171950,528,1
1171954,526,1
1171958,526,1
1171962,525,1
1171966,525,1
1171970,523,1
1171974,523,1
1171978,525,1
1171982,526,1
1171986,526,1
1171990,525,1
1171994,524,1
1171998,526,1
1172002,528,1
1172006,531,1
1172011,528,1
1172015,525,1
1172019,525,1
1172023,526,1
1172027,530,1
1172031,529,1
1172035,528,1
1172039,529,1
1172043,529,1
1172047,529,1
1172051,526,1
1172055,526,1
1172059,528,1
1172063,531,1
1172067,532,1
1172071,531,1
1172075,533,1
1172079,537,1
1172083,541,1
1172087,542,1
1172091,541,1
1172095,542,1
1172099,546,1
1172103,558,1
1172107,571,1
1172111,578,1
1172115,580,1
1172119,579,1
1172123,573,1
1172127,568,1
1172131,560,1
1172135,555,1
1172139,552,1
1172143,544,1
1172147,534,1
1172151,525,1
1172155,521,1
1172159,518,1
1172163,519,1
1172167,518,1
1172171,514,1
1172175,512,1
1172179,512,1
1172183,514,1
1172187,517,1
1172191,514,1
1172195,513,1
1172199,512,1
1172203,512,1
1172207,514,1
1172211,514,1
1172215,516,1
1172219,517,1
1172223,519,1
1172227,521,1
1172231,519,1
1172235,514,1
1172239,502,1
1172243,460,1
1172247,365,1
1172251,256,1
1172255,196,1
1172259,207,1
1172263,324,1
1172267,584,1
1172271,912,1
1172275,1024,1
1172279,1024,1
1172283,1024,1
1172287,988,1
1172291,770,1
1172295,546,1
1172299,404,1
1172303,356,1
1172307,363,1
1172311,389,1
1172315,440,1
1172319,481,1
1172323,507,1
1172327,513,1
1172331,509,1
1172335,508,1
1172339,508,1
1172343,509,1
1172347,516,1
1172351,518,1
1172355,519,1
1172359,522,1
1172363,526,1
1172367,530,1
1172371,532,1
1172375,533,1
1172379,536,1
1172383,537,1
1172387,538,1
1172391,541,1
1172395,543,1
1172399,546,1
1172403,547,1
1172407,552,1
1172411,553,1
1172415,557,1
1172419,562,1
1172423,567,1
1172427,570,1
1172431,572,1
1172435,577,1
1172439,582,1
1172443,586,1
1172447,590,1
1172451,595,1
1172455,600,1
1172459,605,1
1172463,609,1
1172467,615,1
1172471,615,1
1172475,616,1
1172479,620,1
1172483,625,1
1172487,626,1
1172491,621,1
1172495,620,1
1172499,619,1
1172503,618,1
1172507,615,1
1172511,604,1
1172515,592,1
1172519,584,1
1172523,579,1
1172527,573,1
1172531,566,1
1172535,555,1
1172539,547,1
1172543,542,1
1172547,536,1
1172551,529,1
1172555,523,1
1172559,520,1
1172563,519,1
1172567,518,1
1172571,514,1
1172575,514,1
1172579,512,1
1172583,509,1
1172587,509,1
1172591,508,1
1172595,508,1
1172599,509,1
1172603,509,1
1172607,511,1
1172611,509,1
1172615,512,1
1172619,513,1
1172623,517,1
1172627,518,1
1172631,514,1
1172635,513,1
1172639,513,1
1172643,517,1
1172647,521,1
1172651,519,1
1172655,518,1
1172659,517,1
1172663,519,1
1172667,522,1
1172671,521,1
1172675,522,1
1172679,523,1
1172683,525,1
1172687,526,1
1172691,523,1
1172695,522,1
1172699,526,1
1172703,532,1
1172707,532,1
1172711,526,1
1172715,523,1
1172719,523,1
1172723,528,1
1172727,532,1
1172731,532,1
1172735,531,1
1172739,531,1
1172743,530,1
1172747,528,1
1172751,526,1
1172755,526,1
1172759,528,1
1172763,529,1
1172767,529,1
1172771,526,1
1172775,526,1
1172779,530,1
1172783,533,1
1172787,533,1
1172791,532,1
1172795,532,1
1172799,532,1
1172803,536,1
1172808,543,1
1172812,547,1
1172816,547,1
1172820,548,1
1172824,552,1
1172828,554,1
1172832,555,1
1172836,564,1
1172840,577,1
1172844,588,1
1172848,594,1
1172852,594,1
1172856,588,1
1172860,582,1
1172864,577,1
1172868,570,1
1172872,562,1
1172876,555,1
1172880,547,1
1172884,542,1
1172888,537,1
1172892,530,1
1172896,526,1
1172900,526,1
1172904,529,1
1172908,529,1
1172912,526,1
1172916,524,1
1172920,523,1
1172924,523,1
1172928,526,1
1172932,526,1
1172936,526,1
1172940,528,1
1172944,532,1
1172948,533,1
1172952,532,1
1172956,531,1
1172960,532,1
1172964,533,1
1172968,534,1
1172972,529,1
1172976,508,1
1172980,449,1
1172984,345,1
1172988,252,1
1172992,213,1
1172996,257,1
1173000,423,1
1173004,711,1
1173008,1024,1
1173012,1024,1
1173016,1024,1
1173020,1024,1
1173024,946,1
1173028,714,1
1173032,520,1
1173036,423,1
1173040,379,1
1173044,382,1
1173048,404,1
1173052,445,1
1173056,481,1
1173060,508,1
1173064,522,1
1173068,523,1
1173072,524,1
1173076,523,1
1173080,525,1
1173084,528,1
1173088,532,1
1173092,533,1
1173096,535,1
1173100,540,1
1173104,543,1
1173108,546,1
1173112,547,1
1173116,549,1
1173120,553,1
1173124,556,1
1173128,560,1
1173132,561,1
1173136,564,1
1173140,567,1
1173144,570,1
1173148,573,1
1173152,576,1
1173156,580,1
1173160,582,1
1173164,586,1
1173168,591,1
1173172,596,1
1173176,600,1
1173180,603,1
1173184,608,1
1173188,616,1
1173192,618,1
1173196,619,1
1173200,622,1
1173204,627,1
1173208,630,1
1173212,629,1
1173216,629,1
1173220,629,1
1173224,629,1
1173228,629,1
1173232,626,1
1173236,624,1
1173240,619,1
1173244,617,1
1173248,609,1
1173252,601,1
1173256,591,1
1173260,583,1
1173264,579,1
1173268,576,1
1173272,568,1
1173276,561,1
1173280,555,1
1173284,549,1
1173288,545,1
1173292,542,1
1173296,538,1
1173300,537,1
1173304,536,1
1173308,535,1
1173312,533,1
1173316,534,1
1173320,535,1
1173324,536,1
1173328,536,1
1173332,534,1
1173336,534,1
1173340,536,1
1173344,541,1
1173348,541,1
1173352,538,1
1173356,540,1
1173360,540,1
1173364,541,1
1173368,543,1
1173372,543,1
1173376,542,1
1173380,543,1
1173384,544,1
1173388,544,1
1173392,543,1
1173396,545,1
1173400,547,1
1173404,547,1
1173408,545,1
1173412,543,1
1173416,543,1
1173420,545,1
1173424,547,1
1173428,549,1
1173432,548,1
1173436,547,1
1173440,550,1
1173444,552,1
1173448,553,1
1173452,550,1
1173456,552,1
1173460,549,1
1173464,552,1
1173468,554,1
1173472,553,1
1173476,552,1
1173480,552,1
1173484,553,1
1173488,553,1
1173492,549,1
1173496,547,1
1173500,548,1
1173504,553,1
1173508,553,1
1173512,552,1
1173516,549,1
1173520,552,1
1173524,553,1
1173528,554,1
1173532,550,1
1173536,547,1
1173540,548,1
1173544,552,1
1173548,552,1
1173552,549,1
1173556,550,1
1173560,552,1
1173564,553,1
1173568,554,1
1173572,552,1
1173576,554,1
1173580,560,1
1173584,566,1
1173588,566,1
1173592,566,1
1173596,564,1
1173600,567,1
1173605,577,1
1173609,590,1
1173613,600,1
1173617,605,1
1173621,606,1
1173625,605,1
1173629,600,1
1173633,590,1
1173637,581,1
1173641,576,1
1173645,569,1
1173649,561,1
1173653,552,1
1173657,545,1
1173661,542,1
1173665,541,1
1173669,538,1
1173673,535,1
1173677,533,1
1173681,532,1
1173685,533,1
1173689,533,1
1173693,529,1
1173697,528,1
1173701,532,1
1173705,535,1
1173709,533,1
1173713,531,1
1173717,532,1
1173721,534,1
1173725,536,1
1173729,535,1
1173733,534,1
1173737,533,1
1173741,526,1
1173745,496,1
1173749,415,1
1173753,301,1
1173757,213,1
1173761,190,1
1173765,261,1
1173769,470,1
1173773,793,1
1173777,1024,1
1173781,1024,1
1173785,1024,1
1173789,1024,1
1173793,948,1
1173797,706,1
1173801,472,1
1173805,374,1
1173809,379,1
1173813,415,1
1173817,466,1
1173821,499,1
1173825,521,1
1173829,529,1
1173833,525,1
1173837,519,1
1173841,514,1
1173845,516,1
1173849,518,1
1173853,520,1
1173857,523,1
1173861,528,1
1173865,531,1
1173869,532,1
1173873,532,1
1173877,534,1
1173881,537,1
1173885,541,1
1173889,543,1
1173893,543,1
1173897,545,1
1173901,547,1
1173905,552,1
1173909,555,1
1173913,555,1
1173917,557,1
1173921,562,1
1173925,569,1
1173929,576,1
1173933,578,1
1173937,579,1
1173941,580,1
1173945,585,1
1173949,592,1
1173953,595,1
1173957,601,1
1173961,606,1
1173965,614,1
1173969,616,1
1173973,616,1
1173977,619,1
1173981,622,1
1173985,624,1
1173989,624,1
1173993,620,1
1173997,617,1
1174001,614,1
1174005,610,1
1174009,606,1
1174013,601,1
1174017,594,1
1174021,586,1
1174025,579,1
1174029,569,1
1174033,560,1
1174037,552,1
1174041,545,1
1174045,541,1
1174049,533,1
1174053,524,1
1174057,522,1
1174061,519,1
1174065,518,1
1174069,516,1
1174073,513,1
1174077,512,1
1174081,513,1
1174085,514,1
1174089,513,1
1174093,509,1
1174097,508,1
1174101,509,1
1174105,512,1
1174109,514,1
1174113,513,1
1174117,511,1
1174121,513,1
1174125,516,1
1174129,516,1
1174133,514,1
1174137,516,1
1174141,517,1
1174145,521,1
1174149,520,1
1174153,517,1
1174157,518,1
1174161,519,1
1174165,522,1
1174169,523,1
1174173,522,1
1174177,522,1
1174181,523,1
1174185,525,1
1174189,526,1
1174193,524,1
1174197,525,1
1174201,528,1
1174205,529,1
1174209,529,1
1174213,526,1
1174217,525,1
1174221,525,1
1174225,526,1
1174229,526,1
1174233,526,1
1174237,525,1
1174241,523,1
1174245,525,1
1174249,526,1
1174253,525,1
1174257,523,1
1174261,523,1
1174265,525,1
1174269,526,1
1174273,525,1
1174277,526,1
1174281,526,1
1174285,528,1
1174289,531,1
1174293,529,1
1174297,526,1
1174301,523,1
1174305,524,1
1174309,524,1
1174313,523,1
1174317,525,1
1174321,526,1
1174325,530,1
1174329,530,1
1174333,528,1
1174337,528,1
1174341,528,1
1174345,530,1
1174349,531,1
1174353,526,1
1174357,531,1
1174361,536,1
1174365,542,1
1174369,544,1
1174373,543,1
1174377,543,1
1174381,543,1
1174385,554,1
1174390,569,1
1174394,576,1
1174398,579,1
1174402,580,1
1174406,577,1
1174410,572,1
1174414,566,1
1174418,556,1
1174422,550,1
1174426,543,1
1174430,534,1
1174434,526,1
1174438,522,1
1174442,518,1
1174446,517,1
1174450,516,1
1174454,513,1
1174458,509,1
1174462,511,1
1174466,514,1
1174470,517,1
1174474,516,1
1174478,512,1
1174482,509,1
1174486,513,1
1174490,516,1
1174494,517,1
1174498,519,1
1174502,519,1
1174506,521,1
1174510,521,1
1174514,518,1
1174518,516,1
1174522,507,1
1174526,475,1
1174530,392,1
1174534,284,1
1174538,209,1
1174542,201,1
1174546,288,1
1174550,509,1
1174554,831,1
1174558,1024,1
1174562,1024,1
1174566,1024,1
1174570,1011,1
1174574,819,1
1174578,589,1
1174582,436,1
1174586,365,1
1174590,363,1
1174594,382,1
1174598,427,1
1174602,469,1
1174606,498,1
1174610,509,1
1174614,507,1
1174618,508,1
1174622,508,1
1174626,512,1
1174630,516,1
1174634,516,1
1174638,516,1
1174642,517,1
1174646,521,1
1174650,525,1
1174654,528,1
1174658,533,1
1174662,533,1
1174666,535,1
1174670,537,1
1174674,538,1
1174678,542,1
1174682,544,1
1174686,548,1
1174690,553,1
1174694,554,1
1174698,560,1
1174702,564,1
1174706,568,1
1174710,570,1
1174714,572,1
1174718,573,1
1174722,577,1
1174726,585,1
1174730,590,1
1174734,596,1
1174738,602,1
1174742,608,1
1174746,616,1
1174750,620,1
1174754,620,1
1174758,620,1
1174762,622,1
1174766,627,1
1174770,629,1
1174774,626,1
1174778,624,1
1174782,620,1
1174786,619,1
1174790,615,1
1174794,605,1
1174798,594,1
1174802,586,1
1174806,581,1
1174810,574,1
1174814,565,1
1174818,556,1
1174822,547,1
1174826,542,1
1174830,536,1
1174834,532,1
1174838,526,1
1174842,523,1
1174846,520,1
1174850,518,1
1174854,516,1
1174858,517,1
1174862,517,1
1174866,517,1
1174870,513,1
1174874,512,1
1174878,513,1
1174882,513,1
1174886,514,1
1174890,512,1
1174894,508,1
1174898,508,1
1174902,509,1
1174906,513,1
1174910,513,1
1174914,512,1
1174918,510,1
1174922,513,1
1174926,516,1
1174930,517,1
1174934,516,1
1174938,517,1
1174942,519,1
1174946,521,1
1174950,521,1
1174954,521,1
1174958,520,1
1174962,519,1
1174966,521,1
1174970,523,1
1174974,522,1
1174978,522,1
1174982,522,1
1174986,523,1
1174990,526,1
1174994,528,1
1174998,532,1
1175002,532,1
1175006,532,1
1175010,532,1
1175014,531,1
1175018,533,1
1175022,533,1
1175026,533,1
1175030,532,1
1175034,530,1
1175038,531,1
1175042,532,1
1175046,535,1
1175050,535,1
1175054,535,1
1175058,535,1
1175062,534,1
1175066,535,1
1175070,541,1
1175074,545,1
1175078,546,1
1175082,549,1
1175086,553,1
1175090,555,1
1175094,555,1
1175098,562,1
1175102,578,1
1175106,590,1
1175110,596,1
1175114,595,1
1175118,591,1
1175122,586,1
1175126,582,1
1175130,576,1
1175134,567,1
1175138,560,1
1175142,553,1
1175146,547,1
1175150,542,1
1175154,534,1
1175158,532,1
1175162,531,1
1175167,532,1
1175171,532,1
1175175,528,1
1175179,526,1
1175183,529,1
1175187,532,1
1175191,532,1
1175195,529,1
1175199,529,1
1175203,532,1
1175207,534,1
1175211,535,1
1175215,534,1
1175219,534,1
1175223,535,1
1175227,536,1
1175231,536,1
1175235,534,1
1175239,524,1
1175243,487,1
1175247,402,1
1175251,296,1
1175255,221,1
1175259,218,1
1175263,315,1
1175267,549,1
1175271,872,1
1175275,1024,1
1175279,1024,1
1175283,1024,1
1175287,1024,1
1175291,849,1
1175295,615,1
1175299,472,1
1175303,396,1
1175307,386,1
1175311,399,1
1175315,434,1
1175319,474,1
1175323,508,1
1175327,529,1
1175331,534,1
1175335,533,1
1175339,532,1
1175343,531,1
1175347,533,1
1175351,535,1
1175355,537,1
1175359,542,1
1175363,545,1
1175367,549,1
1175371,553,1
1175375,554,1
1175379,556,1
1175383,559,1
1175387,560,1
1175391,561,1
1175395,562,1
1175399,567,1
1175403,571,1
1175407,577,1
1175411,580,1
1175415,580,1
1175419,582,1
1175423,585,1
1175427,590,1
1175431,596,1
1175435,596,1
1175439,600,1
1175443,606,1
1175447,614,1
1175451,618,1
1175455,620,1
1175459,624,1
1175463,628,1
1175467,636,1
1175471,637,1
1175475,636,1
1175479,637,1
1175483,639,1
1175487,641,1
1175491,639,1
1175495,637,1
1175499,636,1
1175503,632,1
1175507,627,1
1175511,618,1
1175515,609,1
1175519,604,1
1175523,596,1
1175527,590,1
1175531,581,1
1175535,573,1
1175539,567,1
1175543,561,1
1175547,556,1
1175551,552,1
1175555,545,1
1175559,542,1
1175563,541,1
1175567,541,1
1175571,541,1
1175575,538,1
1175579,537,1
1175583,538,1
1175587,542,1
1175591,543,1
1175595,542,1
1175599,542,1
1175603,541,1
1175607,540,1
1175611,538,1
1175615,538,1
1175619,541,1
1175623,541,1
1175627,542,1
1175631,542,1
1175635,541,1
1175639,542,1
1175643,543,1
1175647,544,1
1175651,544,1
1175655,542,1
1175659,542,1
1175663,545,1
1175667,547,1
1175671,547,1
1175675,545,1
1175679,546,1
1175683,547,1
1175687,549,1
1175691,547,1
1175695,546,1
1175699,547,1
1175703,547,1
1175707,547,1
1175711,547,1
1175715,547,1
1175719,547,1
1175723,546,1
1175727,547,1
1175731,547,1
1175735,546,1
1175739,546,1
1175743,546,1
1175747,546,1
1175751,547,1
1175755,547,1
1175759,546,1
1175763,546,1
1175767,546,1
1175771,545,1
1175775,543,1
1175779,542,1
1175783,543,1
1175787,545,1
1175791,545,1
1175795,545,1
1175799,544,1
1175803,543,1
1175807,545,1
1175811,547,1
1175815,545,1
1175819,543,1
1175823,544,1
1175827,546,1
1175831,546,1
1175835,545,1
1175839,546,1
1175843,546,1
1175847,546,1
1175851,547,1
1175855,549,1
1175859,554,1
1175863,558,1
1175867,562,1
1175871,564,1
1175875,564,1
1175879,566,1
1175883,570,1
1175887,583,1
1175891,595,1
1175895,595,1
1175899,595,1
1175903,592,1
1175907,586,1
1175911,577,1
1175915,568,1
1175919,562,1
1175923,557,1
1175927,552,1
1175931,546,1
1175935,542,1
1175939,538,1
1175943,535,1
1175947,533,1
1175951,528,1
1175955,525,1
1175959,528,1
1175963,530,1
1175968,531,1
1175972,528,1
1175976,524,1
1175980,525,1
1175984,528,1
1175988,533,1
1175992,532,1
1175996,528,1
1176000,529,1
1176004,532,1
1176008,534,1
1176012,532,1
1176016,523,1
1176020,504,1
1176024,441,1
1176028,331,1
1176032,230,1
1176036,186,1
1176040,224,1
1176044,386,1
1176048,687,1
1176052,1017,1
1176056,1024,1
1176060,1024,1
1176064,1024,1
1176068,999,1
1176072,776,1
1176076,526,1
1176080,382,1
1176084,369,1
1176088,403,1
1176092,452,1
1176096,486,1
1176100,509,1
1176104,523,1
1176108,526,1
1176112,522,1
1176116,514,1
1176120,512,1
1176124,514,1
1176128,521,1
1176132,524,1
1176136,523,1
1176140,525,1
1176144,530,1
1176148,535,1
1176152,536,1
1176156,536,1
1176160,541,1
1176164,543,1
1176168,546,1
1176172,547,1
1176176,549,1
1176180,552,1
1176184,555,1
1176188,559,1
1176192,561,1
1176196,561,1
1176200,566,1
1176204,571,1
1176208,576,1
1176212,578,1
1176216,581,1
1176220,585,1
1176224,590,1
1176228,596,1
1176232,601,1
1176236,604,1
1176240,608,1
1176244,614,1
1176248,620,1
1176252,625,1
1176256,625,1
1176260,626,1
1176264,627,1
1176268,628,1
1176272,627,1
1176276,622,1
1176280,619,1
1176284,618,1
1176288,614,1
1176292,605,1
1176296,595,1
1176300,586,1
1176304,577,1
1176308,570,1
1176312,562,1
1176316,553,1
1176320,545,1
1176324,538,1
1176328,534,1
1176332,529,1
1176336,525,1
1176340,522,1
1176344,521,1
1176348,519,1
1176352,517,1
1176356,514,1
1176360,514,1
1176364,516,1
1176368,517,1
1176372,516,1
1176376,514,1
1176380,516,1
1176384,518,1
1176388,519,1
1176392,517,1
1176396,514,1
1176400,514,1
1176404,518,1
1176408,519,1
1176412,518,1
1176416,517,1
1176420,517,1
1176424,519,1
1176428,522,1
1176432,522,1
1176436,521,1
1176440,521,1
1176444,519,1
1176448,521,1
1176452,521,1
1176456,521,1
1176460,522,1
1176464,525,1
1176468,528,1
1176472,526,1
1176476,524,1
1176480,525,1
1176484,528,1
1176488,531,1
1176492,530,1
1176496,526,1
1176500,525,1
1176504,526,1
1176508,529,1
1176512,528,1
1176516,528,1
1176520,528,1
1176524,529,1
1176528,531,1
1176532,530,1
1176536,526,1
1176540,526,1
1176544,529,1
1176548,532,1
1176552,529,1
1176556,524,1
1176560,522,1
1176564,525,1
1176568,530,1
1176572,531,1
1176576,528,1
1176580,526,1
1176584,526,1
1176588,528,1
1176592,525,1
1176596,524,1
1176600,526,1
1176604,528,1
1176608,531,1
1176612,529,1
1176616,528,1
1176620,526,1
1176624,528,1
1176628,529,1
1176632,529,1
1176636,532,1
1176640,537,1
1176644,543,1
1176648,545,1
1176652,544,1
1176656,544,1
1176660,543,1
1176664,546,1
1176668,560,1
1176672,576,1
1176676,580,1
1176680,580,1
1176684,578,1
1176688,572,1
1176692,564,1
1176696,554,1
1176700,549,1
1176704,542,1
1176708,532,1
1176712,526,1
1176716,523,1
1176720,521,1
1176724,521,1
1176728,519,1
1176732,516,1
1176736,514,1
1176740,516,1
1176744,518,1
1176748,521,1
1176752,519,1
1176756,517,1
1176760,514,1
1176764,518,1
1176769,521,1
1176773,519,1
1176777,518,1
1176781,519,1
1176785,522,1
1176789,524,1
1176793,521,1
1176797,517,1
1176801,506,1
1176805,470,1
1176809,386,1
1176813,276,1
1176817,204,1
1176821,199,1
1176825,292,1
1176829,526,1
1176833,852,1
1176837,1024,1
1176841,1024,1
1176845,1024,1
1176849,1003,1
1176853,800,1
1176857,570,1
1176861,427,1
1176865,361,1
1176869,361,1
1176873,381,1
1176877,426,1
1176881,468,1
1176885,496,1
1176889,509,1
1176893,508,1
1176897,507,1
1176901,505,1
1176905,506,1
1176909,509,1
1176913,514,1
1176917,516,1
1176921,514,1
1176925,513,1
1176929,514,1
1176933,516,1
1176937,517,1
1176941,521,1
1176945,523,1
1176949,526,1
1176953,528,1
1176957,530,1
1176961,534,1
1176965,538,1
1176969,542,1
1176973,543,1
1176977,545,1
1176981,547,1
1176985,552,1
1176989,555,1
1176993,561,1
1176997,565,1
1177001,570,1
1177005,577,1
1177009,581,1
1177013,585,1
1177017,590,1
1177021,597,1
1177025,603,1
1177029,608,1
1177033,609,1
1177037,609,1
1177041,615,1
1177045,619,1
1177049,619,1
1177053,616,1
1177057,615,1
1177061,614,1
1177065,610,1
1177069,606,1
1177073,597,1
1177077,589,1
1177081,581,1
1177085,576,1
1177089,569,1
1177093,560,1
1177097,550,1
1177101,544,1
1177105,541,1
1177109,536,1
1177113,530,1
1177117,522,1
1177121,519,1
1177125,518,1
1177129,517,1
1177133,513,1
1177137,512,1
1177141,511,1
1177145,513,1
1177149,512,1
1177153,509,1
1177157,509,1
1177161,511,1
1177165,512,1
1177169,510,1
1177173,508,1
1177177,507,1
1177181,508,1
1177185,511,1
1177189,513,1
1177193,512,1
1177197,514,1
1177201,516,1
1177205,517,1
1177209,518,1
1177213,517,1
1177217,516,1
1177221,514,1
1177225,517,1
1177229,519,1
1177233,521,1
1177237,521,1
1177241,522,1
1177245,522,1
1177249,522,1
1177253,521,1
1177257,522,1
1177261,526,1
1177265,529,1
1177269,531,1
1177273,528,1
1177277,526,1
1177281,528,1
1177285,528,1
1177289,528,1
1177293,525,1
1177297,526,1
1177301,529,1
1177305,531,1
1177309,532,1
1177313,531,1
1177317,526,1
1177321,526,1
1177325,528,1
1177329,533,1
1177333,531,1
1177337,528,1
1177341,529,1
1177345,532,1
1177349,533,1
1177353,532,1
1177357,532,1
1177361,535,1
1177365,541,1
1177369,544,1
1177373,542,1
1177377,543,1
1177381,546,1
1177385,553,1
1177389,560,1
1177393,570,1
1177397,581,1
1177401,589,1
1177405,592,1
1177409,589,1
1177413,581,1
1177417,576,1
1177421,570,1
1177425,566,1
1177429,555,1
1177433,543,1
1177437,536,1
1177441,534,1
1177445,532,1
1177449,528,1
1177453,521,1
1177457,519,1
1177461,522,1
1177465,525,1
1177469,528,1
1177473,526,1
1177477,522,1
1177481,522,1
1177485,523,1
1177489,523,1
1177493,522,1
1177497,521,1
1177501,524,1
1177505,528,1
1177509,528,1
1177513,525,1
1177517,525,1
1177521,526,1
1177525,528,1
1177529,519,1
1177533,480,1
1177537,393,1
1177542,289,1
1177546,220,1
1177550,221,1
1177554,318,1
1177558,550,1
1177562,867,1
1177566,1024,1
1177570,1024,1
1177574,1024,1
1177578,1020,1
1177582,831,1
1177586,603,1
1177590,471,1
1177594,397,1
1177598,378,1
1177602,389,1
1177606,422,1
1177610,462,1
1177614,494,1
1177618,512,1
1177622,518,1
1177626,522,1
1177630,526,1
1177634,525,1
1177638,525,1
1177642,529,1
1177646,535,1
1177650,538,1
1177654,541,1
1177658,543,1
1177662,545,1
1177666,548,1
1177670,553,1
1177674,553,1
1177678,553,1
1177682,556,1
1177686,561,1
1177690,566,1
1177694,567,1
1177698,568,1
1177702,568,1
1177706,572,1
1177710,578,1
1177714,580,1
1177718,583,1
1177722,585,1
1177726,590,1
1177730,595,1
1177734,600,1
1177738,604,1
1177742,608,1
1177746,615,1
1177750,618,1
1177754,618,1
1177758,620,1
1177762,624,1
1177766,628,1
1177770,632,1
1177774,632,1
1177778,632,1
1177782,630,1
1177786,629,1
1177790,628,1
1177794,622,1
1177798,618,1
1177802,612,1
1177806,605,1
1177810,600,1
1177814,590,1
1177818,582,1
1177822,576,1
1177826,569,1
1177830,564,1
1177834,556,1
1177838,547,1
1177842,544,1
1177846,544,1
1177850,543,1
1177854,540,1
1177858,537,1
1177862,537,1
1177866,537,1
1177870,536,1
1177874,535,1
1177878,534,1
1177882,534,1
1177886,535,1
1177890,538,1
1177894,536,1
1177898,535,1
1177902,534,1
1177906,534,1
1177910,535,1
1177914,535,1
1177918,536,1
1177922,538,1
1177926,540,1
1177930,540,1
1177934,537,1
1177938,538,1
1177942,541,1
1177946,543,1
1177950,544,1
1177954,544,1
1177958,544,1
1177962,545,1
1177966,546,1
1177970,547,1
1177974,546,1
1177978,546,1
1177982,546,1
1177986,547,1
1177990,547,1
1177994,546,1
1177998,547,1
1178002,549,1
1178006,549,1
1178010,547,1
1178014,545,1
1178018,545,1
1178022,547,1
1178026,547,1
1178030,549,1
1178034,547,1
1178038,547,1
1178042,550,1
1178046,553,1
1178050,553,1
1178054,550,1
1178058,549,1
1178062,552,1
1178066,553,1
1178070,554,1
1178074,550,1
1178078,550,1
1178082,553,1
1178086,554,1
1178090,553,1
1178094,553,1
1178098,553,1
1178102,554,1
1178106,554,1
1178110,553,1
1178114,553,1
1178118,553,1
1178122,553,1
1178126,553,1
1178130,552,1
1178134,550,1
1178138,556,1
1178142,566,1
1178146,571,1
1178150,572,1
1178154,570,1
1178158,566,1
1178162,567,1
1178166,581,1
1178170,598,1
1178174,610,1
1178178,614,1
1178182,610,1
1178186,606,1
1178190,596,1
1178194,585,1
1178198,578,1
1178202,573,1
1178206,568,1
1178210,560,1
1178214,552,1
1178218,545,1
1178222,540,1
1178226,535,1
1178230,534,1
1178234,533,1
1178238,532,1
1178242,531,1
1178246,531,1
1178250,529,1
1178254,526,1
1178258,525,1
1178262,526,1
1178266,530,1
1178270,531,1
1178274,531,1
1178278,533,1
1178282,533,1
1178286,535,1
1178290,536,1
1178294,535,1
1178298,532,1
1178302,519,1
1178306,478,1
1178310,385,1
1178314,268,1
1178318,196,1
1178322,196,1
1178326,300,1
1178330,545,1
1178335,876,1
1178339,1024,1
1178343,1024,1
1178347,1024,1
1178351,1024,1
1178355,919,1
1178359,661,1
1178363,444,1
1178367,374,1
1178371,389,1
1178375,433,1
1178379,475,1
1178383,504,1
1178387,522,1
1178391,528,1
1178395,523,1
1178399,518,1
1178403,514,1
1178407,517,1
1178411,521,1
1178415,522,1
1178419,523,1
1178423,525,1
1178427,529,1
1178431,533,1
1178435,533,1
1178439,534,1
1178443,538,1
1178447,542,1
1178451,545,1
1178455,545,1
1178459,547,1
1178463,553,1
1178467,555,1
1178471,556,1
1178475,556,1
1178479,559,1
1178483,566,1
1178487,571,1
1178491,574,1
1178495,576,1
1178499,577,1
1178503,582,1
1178507,590,1
1178511,596,1
1178515,598,1
1178519,603,1
1178523,607,1
1178527,614,1
1178531,618,1
1178535,620,1
1178539,620,1
1178543,622,1
1178547,626,1
1178551,627,1
1178555,625,1
1178559,621,1
1178563,618,1
1178567,616,1
1178571,609,1
1178575,602,1
1178579,592,1
1178583,584,1
1178587,577,1
1178591,570,1
1178595,561,1
1178599,555,1
1178603,547,1
1178607,542,1
1178611,534,1
1178615,525,1
1178619,522,1
1178623,522,1
1178627,522,1
1178631,519,1
1178635,514,1
1178639,513,1
1178643,514,1
1178647,514,1
1178651,514,1
1178655,513,1
1178659,513,1
1178663,513,1
1178667,513,1
1178671,513,1
1178675,512,1
1178679,512,1
1178683,513,1
1178687,514,1
1178691,514,1
1178695,514,1
1178699,514,1
1178703,514,1
1178707,517,1
1178711,516,1
1178715,514,1
1178719,517,1
1178723,521,1
1178727,523,1
1178731,525,1
1178735,523,1
1178739,525,1
1178743,526,1
1178747,528,1
1178751,530,1
1178755,529,1
1178759,531,1
1178763,531,1
1178767,532,1
1178771,531,1
1178775,528,1
1178779,528,1
1178783,529,1
1178787,532,1
1178791,530,1
1178795,528,1
1178799,529,1
1178803,532,1
1178807,533,1
1178811,533,1
1178815,529,1
1178819,528,1
1178823,528,1
1178827,532,1
1178831,532,1
1178835,531,1
1178839,530,1
1178843,532,1
1178847,533,1
1178851,532,1
1178855,528,1
1178859,528,1
1178863,531,1
1178867,533,1
1178871,532,1
1178875,528,1
1178879,528,1
1178883,529,1
1178887,533,1
1178891,533,1
1178895,531,1
1178899,531,1
1178903,532,1
1178907,535,1
1178911,534,1
1178915,532,1
1178919,533,1
1178923,537,1
1178927,543,1
1178931,544,1
1178935,544,1
1178939,546,1
1178943,547,1
1178947,553,1
1178951,560,1
1178955,574,1
1178959,585,1
1178963,588,1
1178967,586,1
1178971,579,1
1178975,568,1
1178979,559,1
1178983,555,1
1178987,552,1
1178991,543,1
1178995,534,1
1178999,529,1
1179003,525,1
1179007,523,1
1179011,521,1
1179015,517,1
1179019,516,1
1179023,518,1
1179027,521,1
1179031,519,1
1179035,518,1
1179039,517,1
1179043,516,1
1179047,518,1
1179051,519,1
1179055,518,1
1179059,519,1
1179063,519,1
1179067,522,1
1179071,522,1
1179075,521,1
1179079,518,1
1179083,512,1
1179087,486,1
1179091,413,1
1179095,306,1
1179099,216,1
1179103,189,1
1179107,249,1
1179111,437,1
1179115,744,1
1179119,1024,1
1179123,1024,1
1179128,1024,1
1179132,1024,1
1179136,894,1
1179140,653,1
1179144,464,1
1179148,365,1
1179152,355,1
1179156,376,1
1179160,415,1
1179164,461,1
1179168,490,1
1179172,507,1
1179176,509,1
1179180,509,1
1179184,507,1
1179188,506,1
1179192,507,1
1179196,507,1
1179200,509,1
1179204,514,1
1179208,522,1
1179212,525,1
1179216,526,1
1179220,530,1
1179224,532,1
1179228,534,1
1179232,536,1
1179236,537,1
1179240,540,1
1179244,541,1
1179248,544,1
1179252,547,1
1179256,547,1
1179260,552,1
1179264,556,1
1179268,561,1
1179272,565,1
1179276,566,1
1179280,569,1
1179284,577,1
1179288,582,1
1179292,585,1
1179296,588,1
1179300,594,1
1179304,601,1
1179308,608,1
1179312,613,1
1179316,614,1
1179320,614,1
1179324,616,1
1179328,619,1
1179332,619,1
1179336,618,1
1179340,618,1
1179344,618,1
1179348,616,1
1179352,609,1
1179356,602,1
1179360,594,1
1179364,586,1
1179368,579,1
1179372,569,1
1179376,560,1
1179380,553,1
1179384,546,1
1179388,542,1
1179392,535,1
1179396,526,1
1179400,521,1
1179404,518,1
1179408,518,1
1179412,514,1
1179416,508,1
1179420,506,1
1179424,507,1
1179428,509,1
1179432,509,1
1179436,506,1
1179440,505,1
1179444,506,1
1179448,509,1
1179452,508,1
1179456,506,1
1179460,507,1
1179464,507,1
1179468,508,1
1179472,507,1
1179476,506,1
1179480,506,1
1179484,508,1
1179488,513,1
1179492,514,1
1179496,512,1
1179500,509,1
1179504,511,1
1179508,512,1
1179512,509,1
1179516,512,1
1179520,517,1
1179524,520,1
1179528,519,1
1179532,516,1
1179536,514,1
1179540,516,1
1179544,518,1
1179548,521,1
1179552,521,1
1179556,518,1
1179560,518,1
1179564,521,1
1179568,523,1
1179572,523,1
1179576,522,1
1179580,522,1
1179584,523,1
1179588,525,1
1179592,522,1
1179596,519,1
1179600,519,1
1179604,521,1
1179608,526,1
1179612,528,1
1179616,525,1
1179620,525,1
1179624,525,1
1179628,526,1
1179632,528,1
1179636,531,1
1179640,535,1
1179644,542,1
1179648,542,1
1179652,541,1
1179656,537,1
1179660,541,1
1179664,546,1
1179668,556,1
1179672,569,1
1179676,579,1
1179680,585,1
1179684,588,1
1179688,586,1
1179692,579,1
1179696,570,1
1179700,564,1
1179704,559,1
1179708,555,1
1179712,546,1
1179716,536,1
1179720,529,1
1179724,524,1
1179728,522,1
1179732,519,1
1179736,519,1
1179740,521,1
1179744,521,1
1179748,521,1
1179752,521,1
1179756,520,1
1179760,521,1
1179764,521,1
1179768,519,1
1179772,518,1
1179776,519,1
1179780,521,1
1179784,523,1
1179788,526,1
1179792,526,1
1179796,525,1
1179800,526,1
1179804,526,1
1179808,518,1
1179812,484,1
1179816,409,1
1179820,308,1
1179824,230,1
1179828,217,1
1179832,292,1
1179836,498,1
1179840,805,1
1179844,1024,1
1179848,1024,1
1179852,1024,1
1179856,1024,1
1179860,868,1
1179864,634,1
1179868,489,1
1179872,408,1
1179876,378,1
1179880,381,1
1179884,408,1
1179888,456,1
1179892,494,1
1179896,516,1
1179900,523,1
1179904,525,1
1179908,531,1
1179912,529,1
1179916,526,1
1179920,529,1
1179924,534,1
1179929,540,1
1179933,542,1
1179937,544,1
1179941,545,1
1179945,547,1
1179949,552,1
1179953,550,1
1179957,552,1
1179961,555,1
1179965,562,1
1179969,568,1
1179973,568,1
1179977,568,1
1179981,572,1
1179985,578,1
1179989,581,1
1179993,582,1
1179997,585,1
1180001,590,1
1180005,595,1
1180009,601,1
1180013,603,1
1180017,605,1
1180021,608,1
1180025,614,1
1180029,618,1
1180033,622,1
1180037,625,1
1180041,628,1
1180045,630,1
1180049,633,1
1180053,633,1
1180057,632,1
1180061,632,1
1180065,633,1
1180069,632,1
1180073,626,1
1180077,618,1
1180081,610,1
1180085,607,1
1180089,603,1
1180093,594,1
1180097,585,1
1180101,577,1
1180105,570,1
1180109,567,1
1180113,561,1
1180117,554,1
1180121,547,1
1180125,546,1
1180129,545,1
1180133,538,1
1180137,535,1
1180141,536,1
1180145,536,1
1180149,535,1
1180153,534,1
1180157,534,1
1180161,534,1
1180165,535,1
1180169,536,1
1180173,536,1
1180177,536,1
1180181,538,1
1180185,538,1
1180189,540,1
1180193,536,1
1180197,536,1
1180201,538,1
1180205,541,1
1180209,543,1
1180213,542,1
1180217,541,1
1180221,542,1
1180225,543,1
1180229,545,1
1180233,544,1
1180237,543,1
1180241,545,1
1180245,547,1
1180249,549,1
1180253,547,1
1180257,545,1
1180261,547,1
1180265,553,1
1180269,559,1
1180273,559,1
1180277,558,1
1180281,560,1
1180285,561,1
1180289,561,1
1180293,559,1
1180297,559,1
1180301,560,1
1180305,560,1
1180309,560,1
1180313,560,1
1180317,559,1
1180321,558,1
1180325,559,1
1180329,561,1
1180333,560,1
1180337,560,1
1180341,560,1
1180345,561,1
1180349,562,1
1180353,561,1
1180357,560,1
1180361,560,1
1180365,561,1
1180369,566,1
1180373,564,1
1180377,561,1
1180381,560,1
1180385,561,1
1180389,561,1
1180393,557,1
1180397,556,1
1180401,558,1
1180405,560,1
1180409,562,1
1180413,568,1
1180417,571,1
1180421,572,1
1180425,572,1
1180429,572,1
1180433,572,1
1180437,580,1
1180441,595,1
1180445,608,1
1180449,616,1
1180453,616,1
1180457,609,1
1180461,604,1
1180465,597,1
1180469,590,1
1180473,581,1
1180477,572,1
1180481,564,1
1180485,559,1
1180489,555,1
1180493,547,1
1180497,541,1
1180501,536,1
1180505,536,1
1180509,538,1
1180513,538,1
1180517,537,1
1180521,538,1
1180525,538,1
1180529,537,1
1180533,535,1
1180537,534,1
1180541,534,1
1180545,535,1
1180549,538,1
1180553,536,1
1180557,536,1
1180561,540,1
1180565,542,1
1180569,541,1
1180573,532,1
1180577,504,1
1180581,435,1
1180585,322,1
1180589,230,1
1180593,196,1
1180597,247,1
1180601,437,1
1180605,749,1
1180609,1024,1
1180613,1024,1
1180617,1024,1
1180621,1024,1
1180625,1000,1
1180629,770,1
1180633,511,1
1180637,378,1
1180641,369,1
1180645,410,1
1180649,465,1
1180653,497,1
1180657,518,1
1180661,529,1
1180665,532,1
1180669,529,1
1180673,520,1
1180677,516,1
1180681,518,1
1180685,524,1
1180689,530,1
1180694,532,1
1180698,533,1
1180702,534,1
1180706,536,1
1180710,542,1
1180714,543,1
1180718,544,1
1180722,545,1
1180726,547,1
1180730,552,1
1180734,552,1
1180738,554,1
1180742,556,1
1180746,560,1
1180750,567,1
1180754,568,1
1180758,570,1
1180762,573,1
1180766,579,1
1180770,582,1
1180774,582,1
1180778,585,1
1180782,589,1
1180786,594,1
1180790,600,1
1180794,603,1
1180798,607,1
1180802,610,1
1180806,614,1
1180810,618,1
1180814,618,1
1180818,618,1
1180822,619,1
1180826,620,1
1180830,619,1
1180834,615,1
1180838,610,1
1180842,609,1
1180846,605,1
1180850,595,1
1180854,582,1
1180858,572,1
1180862,566,1
1180866,561,1
1180870,555,1
1180874,547,1
1180878,542,1
1180882,535,1
1180886,531,1
1180890,526,1
1180894,521,1
1180898,518,1
1180902,514,1
1180906,514,1
1180910,514,1
1180914,513,1
1180918,514,1
1180922,513,1
1180926,513,1
1180930,513,1
1180934,511,1
1180938,512,1
1180942,512,1
1180946,513,1
1180950,513,1
1180954,512,1
1180958,512,1
1180962,513,1
1180966,514,1
1180970,517,1
1180974,516,1
1180978,514,1
1180982,518,1
1180986,521,1
1180990,522,1
1180994,519,1
1180998,519,1
1181002,520,1
1181006,522,1
1181010,523,1
1181014,522,1
1181018,522,1
1181022,523,1
1181026,526,1
1181030,528,1
1181034,526,1
1181038,525,1
1181042,526,1
1181046,529,1
1181050,530,1
1181054,529,1
1181058,529,1
1181062,531,1
1181066,532,1
1181070,533,1
1181074,532,1
1181078,529,1
1181082,529,1
1181086,532,1
1181090,533,1
1181094,531,1
1181098,532,1
1181102,532,1
1181106,534,1
1181110,534,1
1181114,535,1
1181118,534,1
1181122,535,1
1181126,535,1
1181130,534,1
1181134,532,1
1181138,532,1
1181142,533,1
1181146,534,1
1181150,535,1
1181154,533,1
1181158,533,1
1181162,533,1
1181166,535,1
1181170,535,1
1181174,534,1
1181178,533,1
1181182,533,1
1181186,535,1
1181190,535,1
1181194,534,1
1181198,534,1
1181202,535,1
1181206,541,1
1181210,547,1
1181214,547,1
1181218,546,1
1181222,546,1
1181226,549,1
1181230,550,1
1181234,555,1
1181238,567,1
1181242,580,1
1181246,588,1
1181250,589,1
1181254,582,1
1181258,577,1
1181262,570,1
1181266,567,1
1181270,561,1
1181274,552,1
1181278,543,1
1181282,536,1
1181286,533,1
1181290,526,1
1181294,518,1
1181298,514,1
1181302,513,1
1181306,517,1
1181310,521,1
1181314,519,1
1181318,518,1
1181322,516,1
1181326,517,1
1181330,516,1
1181334,516,1
1181338,517,1
1181342,518,1
1181346,519,1
1181350,518,1
1181354,516,1
1181358,518,1
1181362,519,1
1181366,519,1
1181370,513,1
1181374,486,1
1181378,414,1
1181382,308,1
1181386,216,1
1181390,182,1
1181394,231,1
1181398,409,1
1181402,720,1
1181406,1024,1
1181410,1024,1
1181414,1024,1
1181418,1024,1
1181422,906,1
1181426,663,1
1181430,466,1
1181434,361,1
1181438,351,1
1181442,374,1
1181446,415,1
1181450,461,1
1181454,488,1
1181458,506,1
1181462,508,1
1181466,508,1
1181471,504,1
1181475,499,1
1181479,502,1
1181483,507,1
1181487,514,1
1181491,518,1
1181495,518,1
1181499,518,1
1181503,520,1
1181507,523,1
1181511,526,1
1181515,525,1
1181519,525,1
1181523,529,1
1181527,536,1
1181531,542,1
1181535,542,1
1181539,543,1
1181543,545,1
1181547,550,1
1181551,555,1
1181555,556,1
1181559,558,1
1181563,561,1
1181567,567,1
1181571,568,1
1181575,572,1
1181579,580,1
1181583,586,1
1181587,592,1
1181591,596,1
1181595,598,1
1181599,601,1
1181603,605,1
1181607,608,1
1181611,614,1
1181615,614,1
1181619,610,1
1181623,609,1
1181627,610,1
1181631,610,1
1181635,606,1
1181639,600,1
1181643,597,1
1181647,595,1
1181651,586,1
1181655,573,1
1181659,561,1
1181663,553,1
1181667,549,1
1181671,543,1
1181675,534,1
1181679,529,1
1181683,525,1
1181687,522,1
1181691,517,1
1181695,508,1
1181699,505,1
1181703,505,1
1181707,506,1
1181711,507,1
1181715,505,1
1181719,504,1
1181723,504,1
1181727,505,1
1181731,504,1
1181735,504,1
1181739,504,1
1181743,505,1
1181747,507,1
1181751,508,1
1181755,505,1
1181759,506,1
1181763,508,1
1181767,512,1
1181771,511,1
1181775,507,1
1181779,507,1
1181783,506,1
1181787,507,1
1181791,508,1
1181795,509,1
1181799,509,1
1181803,512,1
1181807,514,1
1181811,514,1
1181815,512,1
1181819,513,1
1181823,514,1
1181827,519,1
1181831,519,1
1181835,516,1
1181839,516,1
1181843,516,1
1181847,519,1
1181851,518,1
1181855,516,1
1181859,516,1
1181863,519,1
1181867,522,1
1181871,521,1
1181875,521,1
1181879,522,1
1181883,521,1
1181887,524,1
1181891,523,1
1181895,520,1
1181899,519,1
1181903,521,1
1181907,522,1
1181911,521,1
1181915,522,1
1181919,523,1
1181923,524,1
1181927,525,1
1181931,525,1
1181935,525,1
1181939,529,1
1181943,534,1
1181947,538,1
1181951,538,1
1181955,536,1
1181959,537,1
1181963,543,1
1181967,554,1
1181971,562,1
1181975,569,1
1181979,572,1
1181983,576,1
1181987,578,1
1181991,573,1
1181995,569,1
1181999,566,1
1182003,557,1
1182007,552,1
1182011,542,1
1182015,532,1
1182019,525,1
1182023,519,1
1182027,518,1
1182031,517,1
1182035,514,1
1182039,513,1
1182043,514,1
1182047,516,1
1182051,516,1
1182055,514,1
1182059,514,1
1182063,514,1
1182067,517,1
1182071,517,1
1182075,514,1
1182079,516,1
1182083,518,1
1182087,521,1
1182091,522,1
1182095,522,1
1182099,521,1
1182103,517,1
1182107,507,1
1182111,474,1
1182115,393,1
1182119,290,1
1182123,217,1
1182127,213,1
1182131,302,1
1182135,522,1
1182139,833,1
1182143,1024,1
1182147,1024,1
1182151,1024,1
1182155,1011,1
1182159,819,1
1182163,595,1
1182167,471,1
1182171,397,1
1182175,365,1
1182179,367,1
1182183,397,1
1182187,447,1
1182191,485,1
1182195,506,1
1182199,512,1
1182203,516,1
1182207,522,1
1182211,521,1
1182215,519,1
1182219,523,1
1182223,528,1
1182227,533,1
1182231,535,1
1182235,536,1
1182239,541,1
1182243,543,1
1182247,547,1
1182251,546,1
1182255,547,1
1182259,553,1
1182264,557,1
1182268,562,1
1182272,564,1
1182276,566,1
1182280,568,1
1182284,569,1
1182288,571,1
1182292,574,1
1182296,579,1
1182300,585,1
1182304,590,1
1182308,594,1
1182312,596,1
1182316,598,1
1182320,604,1
1182324,608,1
1182328,615,1
1182332,618,1
1182336,618,1
1182340,620,1
1182344,624,1
1182348,627,1
1182352,626,1
1182356,622,1
1182360,622,1
1182364,624,1
1182368,624,1
1182372,619,1
1182376,614,1
1182380,608,1
1182384,603,1
1182388,597,1
1182392,589,1
1182396,580,1
1182400,573,1
1182404,567,1
1182408,560,1
1182412,554,1
1182416,547,1
1182420,543,1
1182424,541,1
1182428,538,1
1182432,535,1
1182436,533,1
1182440,533,1
1182444,533,1
1182448,534,1
1182452,533,1
1182456,533,1
1182460,534,1
1182464,534,1
1182468,535,1
1182472,535,1
1182476,533,1
1182480,534,1
1182484,535,1
1182488,538,1
1182492,536,1
1182496,536,1
1182500,537,1
1182504,540,1
1182508,542,1
1182512,541,1
1182516,541,1
1182520,542,1
1182524,543,1
1182528,545,1
1182532,544,1
1182536,543,1
1182540,545,1
1182544,546,1
1182548,549,1
1182552,547,1
1182556,547,1
1182560,549,1
1182564,549,1
1182568,549,1
1182572,547,1
1182576,546,1
1182580,546,1
1182584,547,1
1182588,549,1
1182592,547,1
1182596,547,1
1182600,549,1
1182604,552,1
1182608,552,1
1182612,549,1
1182616,550,1
1182620,553,1
1182624,553,1
1182628,554,1
1182632,553,1
1182636,552,1
1182640,550,1
1182644,552,1
1182648,555,1
1182652,554,1
1182656,552,1
1182660,550,1
1182664,552,1
1182668,554,1
1182672,553,1
1182676,552,1
1182680,552,1
1182684,553,1
1182688,556,1
1182692,560,1
1182696,564,1
1182700,568,1
1182704,570,1
1182708,570,1
1182712,568,1
1182716,570,1
1182720,584,1
1182724,602,1
1182728,613,1
1182732,610,1
1182736,607,1
1182740,603,1
1182744,596,1
1182748,589,1
1182752,579,1
1182756,570,1
1182760,562,1
1182764,556,1
1182768,553,1
1182772,544,1
1182776,537,1
1182780,535,1
1182784,535,1
1182788,536,1
1182792,534,1
1182796,533,1
1182800,533,1
1182804,534,1
1182808,533,1
1182812,532,1
1182816,531,1
1182820,532,1
1182824,533,1
1182828,535,1
1182832,533,1
1182836,533,1
1182840,533,1
1182844,534,1
1182848,535,1
1182852,531,1
1182856,516,1
1182860,469,1
1182864,372,1
1182868,261,1
1182872,195,1
1182876,199,1
1182880,316,1
1182884,581,1
1182888,920,1
1182892,1024,1
1182896,1024,1
1182900,1024,1
1182904,1024,1
1182908,884,1
1182912,620,1
1182916,422,1
1182920,366,1
1182924,386,1
1182928,437,1
1182932,478,1
1182936,505,1
1182940,522,1
1182944,528,1
1182948,529,1
1182952,521,1
1182956,514,1
1182960,516,1
1182964,522,1
1182968,526,1
1182972,525,1
1182976,522,1
1182980,524,1
1182984,530,1
1182988,535,1
1182992,536,1
1182996,536,1
1183000,538,1
1183004,543,1
1183008,545,1
1183012,545,1
1183016,546,1
1183020,553,1
1183024,556,1
1183028,560,1
1183032,561,1
1183036,565,1
1183040,569,1
1183044,574,1
1183048,579,1
1183052,582,1
1183057,585,1
1183061,590,1
1183065,595,1
1183069,601,1
1183073,603,1
1183077,606,1
1183081,609,1
1183085,615,1
1183089,619,1
1183093,620,1
1183097,622,1
1183101,620,1
1183105,620,1
1183109,620,1
1183113,616,1
1183117,614,1
1183121,609,1
1183125,607,1
1183129,601,1
1183133,590,1
1183137,580,1
1183141,570,1
1183145,566,1
1183149,560,1
1183153,552,1
1183157,543,1
1183161,536,1
1183165,533,1
1183169,528,1
1183173,521,1
1183177,518,1
1183181,517,1
1183185,514,1
1183189,514,1
1183193,512,1
1183197,508,1
1183201,508,1
1183205,509,1
1183209,509,1
1183213,510,1
1183217,511,1
1183221,513,1
1183225,514,1
1183229,514,1
1183233,514,1
1183237,514,1
1183241,514,1
1183245,517,1
1183249,519,1
1183253,518,1
1183257,518,1
1183261,519,1
1183265,519,1
1183269,519,1
1183273,519,1
1183277,521,1
1183281,522,1
1183285,523,1
1183289,523,1
1183293,522,1
1183297,523,1
1183301,523,1
1183305,525,1
1183309,528,1
1183313,526,1
1183317,526,1
1183321,526,1
1183325,529,1
1183329,529,1
1183333,528,1
1183337,529,1
1183341,532,1
1183345,532,1
1183349,530,1
1183353,529,1
1183357,529,1
1183361,531,1
1183365,532,1
1183369,531,1
1183373,531,1
1183377,533,1
1183381,535,1
1183385,536,1
1183389,536,1
1183393,535,1
1183397,535,1
1183401,535,1
1183405,538,1
1183409,538,1
1183413,534,1
1183417,534,1
1183421,535,1
1183425,536,1
1183429,536,1
1183433,536,1
1183437,535,1
1183441,535,1
1183445,536,1
1183449,536,1
1183453,535,1
1183457,534,1
1183461,536,1
1183465,543,1
1183469,549,1
1183473,548,1
1183477,546,1
1183481,547,1
1183485,549,1
1183489,552,1
1183493,556,1
1183497,571,1
1183501,584,1
1183505,589,1
1183509,591,1
1183513,585,1
1183517,579,1
1183521,572,1
1183525,567,1
1183529,561,1
1183533,552,1
1183537,542,1
1183541,534,1
1183545,531,1
1183549,525,1
1183553,518,1
1183557,516,1
1183561,517,1
1183565,519,1
1183569,519,1
1183573,516,1
1183577,513,1
1183581,512,1
1183585,514,1
1183589,516,1
1183593,516,1
1183597,516,1
1183601,516,1
1183605,516,1
1183609,514,1
1183613,514,1
1183617,514,1
1183621,516,1
1183625,517,1
1183629,514,1
1183633,493,1
1183637,430,1
1183641,324,1
1183645,226,1
1183649,186,1
1183653,221,1
1183657,375,1
1183661,666,1
1183665,998,1
1183669,1024,1
1183673,1024,1
